x1,x2,x3,x4
0.000000,0.000000,0.000000,0.000000
9.898728,0.176618,0.869836,9.425138
9.529352,0.051798,0.583467,9.860764
0.772773,-1.482713,0.538799,-1.030130
-1.517053,-0.401924,0.357786,1.119569
-1.136228,-0.630535,1.041174,0.610005
3.059711,-1.016025,-0.781706,0.334107
-0.489445,-0.499351,1.113345,0.163692
1.566609,2.148545,-0.084338,-0.103660
-0.988109,-0.774985,-1.465894,0.327681
1.266089,0.943635,-1.637847,1.754833
1.184137,-0.065265,-1.570940,0.697313
-0.677226,-1.333833,-2.511541,-0.214428
0.224755,2.474292,-0.623530,0.904636
0.190367,1.832818,-1.406982,0.040317
-0.251950,-0.391742,-0.614310,-1.035385
0.481099,0.327767,0.071394,0.802721
0.639011,0.598670,-0.721045,1.977093
0.973958,1.212212,-2.569326,1.135821
-0.033237,1.365333,0.117056,-0.709678
-0.862820,-0.467520,-1.106158,-0.253737
1.805951,1.729743,-1.152677,-1.925578
1.085022,-0.794423,0.489192,0.051062
-0.526924,1.367873,-1.159275,-0.100671
0.110457,0.983859,-0.711799,-0.152609
0.824070,0.190563,-1.465663,1.090100
0.717402,1.689834,-0.664739,0.407920
-0.108085,2.155196,-0.695090,-0.422003
-1.431486,3.163311,-0.928513,1.200070
0.655709,-0.104935,-0.099899,0.558985
-0.440482,1.364591,0.712151,-0.492020
-0.491991,1.896569,-1.595315,2.427368
0.529410,-0.240405,-0.597375,-0.556854
-0.304106,0.141896,-0.649070,0.616768
-1.343763,0.804029,-1.834660,1.052319
0.496016,0.134075,-1.706236,1.520485
0.263447,1.074224,0.811701,1.115520
1.293757,1.804355,0.549931,-0.017314
-2.063354,-0.846096,1.974538,-1.164727
0.112435,1.131959,0.072221,-0.718311
0.724951,2.323649,-1.109299,-0.159195
0.532063,1.798125,-1.274067,1.585274
0.098237,1.882853,-1.766790,-1.517659
-0.329632,1.536742,-1.968642,-1.405076
-0.144548,2.595059,0.831583,-1.718945
0.779148,-0.379874,-2.886861,0.292873
0.736065,0.229811,-1.127441,-1.569864
0.536010,-1.188275,0.095559,0.292784
0.100727,0.872350,-0.566643,2.764743
0.429503,1.165975,0.148221,-0.590551
1.321193,0.702663,-0.995989,-0.907137
1.105619,2.349626,-1.122802,1.672534
-0.106727,0.161826,0.775642,-0.763822
-1.137330,0.328285,-1.599928,-0.333093
0.089424,1.233625,-0.738517,-0.494058
0.265156,2.960363,-0.873141,1.845818
0.996095,-0.818831,-1.262706,-0.934985
2.054651,1.093697,-2.106513,-1.338484
-0.035373,0.693521,-1.499705,0.715018
0.872499,1.315339,-3.078488,0.344062
-2.224090,1.287515,1.432831,-0.322797
-0.833661,0.019945,0.098947,0.600242
-1.902417,1.179438,-0.543556,2.483615
1.338458,1.195566,0.295419,3.119630
-0.163914,-0.422370,-1.218027,1.057908
0.442464,1.050478,-0.165387,-0.988555
-0.050770,-0.832050,-1.112092,-0.658432
0.238692,0.607397,-1.875307,-0.597958
-1.321403,1.120489,-2.193557,-0.489067
0.056866,1.091336,-0.628238,0.387758
1.518940,1.141977,-1.369074,1.061969
0.121956,1.006045,-0.044799,-0.313185
0.634456,2.331017,-1.067317,0.552068
0.534540,1.398981,-0.243652,-0.220299
0.445157,0.885777,-1.597632,1.351184
-0.331518,0.078543,-1.641950,-1.142066
-0.974340,0.910785,-1.614672,-0.515535
1.774128,0.466417,-1.420483,0.481572
-0.740053,1.586299,-2.130466,-1.099811
1.668969,0.786683,-0.083243,-0.619095
-0.685502,-0.103882,-0.290176,0.750281
1.508075,-0.202425,0.652482,0.273088
-0.467168,0.759149,0.723789,-0.045446
1.544385,1.440705,1.114928,-0.845071
0.880761,-2.534989,-0.365592,-0.470096
-0.301017,1.576405,0.159262,-0.437728
-1.402628,0.689939,-1.959141,1.185439
1.708925,0.100438,-1.216715,-0.916457
-1.272081,-0.568111,0.347992,-0.141375
0.638190,0.795818,0.236602,2.509684
0.076408,0.045665,-1.107624,1.168141
-0.829785,1.141018,-2.084008,0.549459
1.651130,-1.304466,-1.048667,-0.502986
0.162478,0.418402,0.007069,1.979869
0.609387,0.031542,-3.271155,0.745127
0.440329,0.399774,-0.397873,-0.275026
0.715411,0.120870,-1.589818,2.083904
0.843724,0.157151,-0.678317,-0.241687
-0.165579,0.182498,-0.465959,0.035504
1.596793,0.954030,-0.842107,-0.147654
0.370654,0.947317,-0.474688,1.557188
-2.398188,2.077862,-0.588497,1.275000
0.769016,0.103204,0.213674,2.224351
0.278284,2.181572,-1.779635,0.331672
-0.212495,3.622736,-1.817055,0.868747
1.864182,1.147403,-1.883572,-2.007072
-0.101192,0.954324,1.061676,2.399327
-0.608685,-0.261308,-2.192912,0.150763
-1.140982,2.696005,-1.613831,-1.339775
0.731489,0.995156,0.476263,-0.217261
1.151308,1.553927,1.170792,1.164012
0.103162,-0.995644,0.141161,0.475694
0.455763,1.697455,-2.676826,0.109542
-1.302178,0.743912,-2.090760,-1.613383
0.889061,0.761743,-1.238105,-1.077351
-0.552568,0.799181,-0.671040,0.037060
1.328147,2.671063,-1.955479,-0.518700
0.290432,-0.284652,-2.334439,0.069117
-0.852998,0.774577,-1.183251,-1.822349
0.720405,1.516704,-2.022973,0.359199
0.073306,0.616313,-0.637065,-0.143152
0.111494,1.654909,-1.390739,1.054202
2.173585,1.094586,1.177071,0.501242
0.538174,0.538346,-0.338552,2.346123
-0.856403,0.264658,-1.069268,1.800260
0.139750,-0.468722,-0.415866,0.448647
-0.009971,3.096474,-0.976735,0.079786
1.235339,-1.011189,-1.573095,-0.398298
1.029821,1.039449,-0.459834,-0.227716
-0.204852,1.280316,-0.596004,1.152970
0.549957,1.600016,0.021711,0.788914
0.290026,2.134758,-0.046489,0.264168
-0.343732,1.082151,0.486442,2.361045
1.109802,2.196466,-0.880677,-0.512103
0.202970,0.446018,-1.671176,0.812605
1.820808,-0.121517,-2.436311,-1.402550
0.514543,0.057418,0.919982,1.022728
0.010726,1.801250,-1.909186,0.617972
2.165184,1.272077,-2.630845,-0.739753
1.098716,-0.414433,1.098642,0.617463
1.120187,0.131377,0.060302,0.912734
-0.000329,1.964620,-2.236358,0.880665
0.187065,2.502037,-0.263632,-0.006032
0.980668,0.900519,-0.614588,0.732326
0.273891,-1.034006,-1.490322,1.036726
0.813431,1.485088,-1.901568,1.512846
0.758681,-1.099723,-0.726366,0.956049
2.215715,0.500263,-0.366618,0.093738
-0.344540,0.363665,-1.941297,1.935249
0.213465,1.244209,1.254763,-1.992752
-0.344337,0.917736,-0.563481,-1.488443
-0.244350,0.284220,0.176908,-0.144596
-0.468753,0.076768,-1.901518,-0.332931
0.624816,0.765753,0.231212,-1.155085
0.840838,2.203865,0.243461,-0.305639
-2.510885,0.482299,0.181873,0.774372
-1.393757,0.851349,-0.048588,1.047956
0.299053,-1.039546,0.851278,0.206779
1.093042,0.294817,-2.339405,0.334625
1.467111,-1.384449,1.305400,-0.096526
-0.846142,-0.378402,-2.127565,-0.869139
-1.259827,1.506105,1.217970,-1.705567
1.848577,0.806653,0.513895,-0.512578
0.481580,1.554629,-0.825256,0.886583
-1.327723,-0.461357,0.455385,-1.411402
0.769544,0.052281,-0.137549,2.540137
0.447542,0.717335,0.089103,1.206753
-1.654811,1.847020,-2.379619,2.082609
0.929374,-0.867105,0.327520,-0.975976
0.435236,1.036458,-0.901702,1.503740
-0.912314,2.521499,-1.217692,0.420021
-0.288160,0.811725,0.111779,-1.297577
-0.967105,-0.244434,-1.822759,0.984310
1.540196,1.295346,-0.797192,-0.987858
-1.118301,0.166019,-0.751845,1.392116
1.098577,1.246908,0.321110,0.212777
0.314783,0.152155,0.428640,1.765383
0.883437,0.890907,-2.541677,-0.985077
-0.934406,2.279190,-0.106258,-1.711180
0.760711,0.939297,-1.366412,1.618575
-1.204902,2.090962,-0.729975,-0.329951
-0.115726,0.540562,-1.651344,1.781674
0.540631,2.226330,-0.809295,-0.764244
0.275865,1.423396,-0.492694,0.130595
0.021784,1.036920,0.999495,1.270329
0.263854,-0.187012,-1.352595,-1.356945
0.436538,2.332004,-2.279618,0.506080
-1.371085,1.454115,-0.661571,-0.256507
-0.308441,1.247833,0.586821,-0.418109
1.432921,2.211990,-1.264945,-0.678323
0.516775,1.407793,-0.211252,1.708373
0.752409,-0.281929,-0.284043,2.034796
-0.871535,2.323820,-1.005376,0.416254
0.635088,1.928604,0.762119,-1.641492
1.219822,0.189570,-2.085980,0.672270
0.219676,-0.192190,0.079786,0.510489
0.507859,1.589419,-1.682385,0.558350
1.359217,0.349004,-0.355560,0.147227
-1.102920,0.928936,-0.521133,1.101908
-0.591602,0.846084,-0.781925,2.351255
0.837883,-0.408394,0.098215,0.130092
1.651152,0.438179,-0.227180,0.380661
0.139893,0.063958,-2.099025,-0.135448
0.036926,1.836621,0.192853,-0.914820
0.045128,2.412533,-1.004610,-0.933084
-1.534063,1.522447,-0.491332,-0.254317
0.053653,-0.389872,0.309461,1.205436
0.945037,0.127176,-2.565738,-0.302254
-0.487475,-0.248716,1.904475,2.207331
-1.238077,1.396501,-0.710427,-0.629032
1.587607,2.486213,-0.919430,-1.070103
0.302421,0.659871,-0.085479,0.793464
2.437355,0.666328,-0.790148,0.350881
-0.962016,-1.358441,0.839509,0.821034
1.308937,1.826420,-0.213447,1.292192
0.419381,0.603392,-1.161822,1.291642
-1.164405,0.313882,-0.705651,0.295711
-1.120989,-1.394501,1.059146,0.354541
-0.684236,-0.623487,1.195113,1.851391
0.281965,-0.277123,-1.097538,-1.796437
-0.433398,1.074703,0.709751,-1.093444
0.345345,0.290574,-1.637618,0.519055
1.503103,-0.752862,-1.456512,-2.243079
0.013429,0.127863,0.909350,-0.338738
1.327030,1.308737,-0.129318,0.617874
0.506407,1.594435,-0.737953,0.413437
-0.409733,1.659925,-0.596081,1.118083
-0.989588,-1.229448,-2.038780,1.060915
-0.670315,-0.139560,-0.998985,-0.957040
0.774929,1.774081,-0.527740,-0.511218
1.000052,1.239683,-1.069411,0.379388
0.005858,-0.484018,-1.620622,-1.271350
-1.288899,0.778831,-1.039034,-0.948077
0.915367,1.259009,-0.757892,2.849862
1.475383,1.907452,-0.550684,2.252374
-0.373193,0.984989,-0.461828,2.816366
-0.322911,1.096259,-1.361206,0.321021
0.336344,0.481561,-2.025023,-1.077513
0.976752,1.286768,0.557651,-1.567639
-1.483346,1.149067,0.036912,0.070305
0.295737,1.120226,1.951188,-0.409930
-0.782977,2.202990,-0.901098,-0.429104
-0.251268,0.152915,-0.549764,0.951115
-1.586809,0.886945,-2.190576,1.688615
0.496308,-0.660706,0.639838,2.292736
-0.720077,2.400360,-2.392684,-0.710654
0.486883,0.620524,-1.179680,-1.669157
-1.736866,1.529099,-0.868524,1.390217
-1.480819,2.429391,-0.406736,1.306789
0.606166,1.592057,-1.769347,2.126321
1.621994,0.941273,-0.533196,-0.160603
-0.408271,0.384955,-0.673803,-0.113080
-0.329407,2.005579,-2.077703,1.682508
-0.502404,2.077773,-1.461749,-0.388823
-0.532349,1.513782,-0.847475,-1.232794
-0.245721,1.225144,-1.023971,-0.195212
-1.153888,0.374797,-1.622842,-1.089179
2.428163,-0.264668,1.214544,0.206048
1.287738,0.848276,-0.614174,2.079354
1.217998,-1.212325,-1.135725,1.994236
-1.068265,-1.942311,-0.245684,-0.613398
-0.050614,0.716394,-1.500357,1.645723
2.451676,2.393227,-2.166396,-1.317659
0.625934,-1.030520,0.821478,-1.074148
0.255278,1.594807,-1.551053,1.517186
0.702173,1.554910,-0.485482,-0.318418
0.487493,1.146938,-1.956431,1.298395
-0.223002,1.720625,-1.164924,1.586164
2.468593,1.515022,-0.481818,-0.343993
-0.291496,0.230280,-0.120257,1.926642
1.500280,2.624933,-0.823575,-1.232456
0.507636,-1.049575,1.706315,2.529113
0.900681,-0.334818,0.329502,0.224156
-0.346944,2.245992,-0.530677,1.349104
-0.997484,3.122199,-1.129209,-1.483077
1.497462,0.112375,-0.326933,1.348494
-0.145728,0.775128,-0.670679,1.772492
0.061317,0.633674,-0.375147,0.963356
0.433340,3.333856,-3.291255,-1.669751
1.033931,2.299333,-1.056846,0.422418
2.639188,0.494561,0.095860,0.660976
-0.864897,-0.905356,-2.261798,4.373825
0.907312,1.168822,-0.726810,-0.542162
-0.032096,-0.608226,-0.135008,3.225844
0.352703,0.823527,0.030989,0.777488
0.679414,1.680076,-0.848550,-0.772784
-0.246603,1.801994,-1.667562,0.530660
0.451274,2.550340,0.005080,0.972199
-0.974735,2.508757,-0.790063,2.342000
-0.598243,0.120617,-0.975975,-0.194611
1.835337,0.680099,-2.360013,0.487819
-1.151164,1.271779,0.011028,0.955488
0.797474,2.357309,-0.214329,1.792460
-0.377422,1.026893,0.889862,1.907354
1.631655,1.935746,-0.632388,0.573716
-1.001041,-1.102830,-0.882738,2.781396
-0.176223,-0.453788,-1.160374,0.586230
1.220085,1.771488,-0.510140,1.503478
0.224650,0.953830,-0.877167,0.488560
0.434365,1.976347,0.249302,-0.519770
0.822160,1.657575,-0.473457,0.010804
0.083457,-0.220143,-1.191139,1.363324
1.857881,1.789248,-0.228576,-1.337546
0.837597,-0.412923,-1.119366,1.385841
1.078799,1.980899,1.293168,2.122072
-1.208763,2.339570,-0.683865,0.875810
-0.596952,-0.386428,-0.329120,0.987227
-0.825933,1.731402,-0.246740,0.584020
0.462024,2.780673,-0.422951,0.114197
-0.100936,1.144719,-1.361291,-0.480719
0.882949,0.395192,0.105142,-0.839390
-0.156600,1.587126,0.200066,0.583984
-0.596952,0.883608,-1.321737,0.922410
0.425306,-0.174780,0.115460,0.017938
1.642911,0.533030,-2.936550,0.434735
-0.139190,0.434235,-1.599830,1.790111
0.884985,2.496127,-2.518160,-1.716594
1.074108,1.544716,-0.859674,-1.630550
2.288474,-0.444046,-0.824401,0.853026
-0.075107,-0.174865,0.039792,1.754370
-0.648448,1.274897,-2.496156,0.194291
0.255141,1.583865,-0.876058,-0.093714
0.164561,1.677601,-0.326925,1.576564
1.014322,0.262660,-1.407782,0.038009
-0.125823,-0.383502,0.888509,-0.130159
0.616037,1.826532,-1.562995,0.399948
-0.375802,0.550429,-1.487361,0.821804
-0.173791,0.178266,-1.651419,-0.516301
1.081276,2.687674,-0.057148,-0.189501
-1.294485,-0.236911,-1.880206,-0.036001
-0.578355,0.353860,0.107030,0.605925
0.259573,2.449954,-1.231610,0.345360
-1.115533,1.884042,-0.517651,-0.328624
-0.161778,1.487625,-0.991502,1.053188
0.199891,0.479299,-1.505669,-0.175802
0.599728,-0.819912,-2.017567,0.910678
-0.088534,1.865691,-2.312145,-0.437991
-0.949682,2.200940,-4.447747,0.046822
1.173855,-1.958503,0.994680,0.131136
-1.101102,-0.036560,0.349667,0.754031
-0.675222,-0.260056,-2.446068,0.405136
0.213647,2.197198,1.491817,-0.944724
-0.472192,1.068677,-0.888379,-0.614178
0.230091,1.551815,-0.310997,2.540929
0.569606,0.837342,-1.712236,-0.525440
-0.054775,3.091073,-1.440396,0.650170
0.091655,1.652254,-3.374697,1.870669
0.558443,0.948430,-1.192929,1.089404
-0.758431,1.959994,-0.181366,0.253444
2.373237,1.736046,-1.344565,0.995541
0.009126,1.939597,0.402544,0.688416
-0.244609,1.317073,-1.027473,0.128733
-1.985168,2.420379,-0.709167,0.259548
-0.816134,-0.233241,0.718772,2.012109
-1.004917,0.750454,0.174881,0.436227
-2.367864,1.072814,-0.500777,0.236227
-0.503886,1.841319,1.692110,0.813448
0.157113,1.006996,0.320747,-0.691309
-0.041846,1.506590,-1.262152,1.154441
1.036699,2.056502,-0.393724,-1.812632
-0.858259,-1.798840,-0.700113,0.717618
-0.845184,0.351108,-0.758070,2.306015
-1.319107,1.407671,-2.012143,0.243320
-1.129063,-0.231932,-2.406789,1.946383
-1.095223,0.504126,-2.871278,-0.947652
-0.941544,1.359525,1.166518,-2.414880
0.322664,0.362570,-0.255795,1.120327
-1.001690,0.985248,-0.009925,1.921324
0.986274,0.843225,-0.380503,0.605904
-0.888671,0.783382,1.246917,-0.412346
0.094515,-0.318012,-0.850529,-0.001866
1.486362,0.835570,-2.208251,0.376920
-0.245434,-0.611811,0.986739,0.936947
0.169918,1.732615,-0.269427,-2.438521
-0.888323,0.046983,-0.534554,-0.067492
-0.532868,1.242309,-2.386775,0.959104
-0.297262,1.699606,-2.612411,-0.053580
-1.097317,1.744482,-1.205432,0.183655
0.182930,-0.640555,-0.970968,1.971341
-0.669186,-0.359366,-2.591460,-1.729763
-1.771227,-1.052063,-1.383153,-1.545108
1.070484,1.949272,-0.365962,0.460390
0.116528,3.489748,0.560361,2.614592
0.357902,0.626213,-0.641877,-1.451641
-0.906377,3.497936,-0.191056,-0.491055
0.006241,-0.420441,-1.037644,-0.976152
0.769860,0.995194,-0.574442,-1.079902
-1.001110,0.509630,-1.454696,-0.556407
1.751553,1.221716,-0.894904,-0.250330
-0.923990,-1.787439,-2.887005,1.186680
-0.315035,-0.258983,-1.730757,-1.527232
0.138043,1.107988,-0.187877,0.025788
0.784032,4.136420,-0.155835,1.142249
1.848225,0.534768,-1.460374,1.047976
-0.841481,-0.236967,-0.480076,0.205693
0.724698,0.446139,-0.651620,0.167722
0.781531,0.254771,-0.814103,0.723221
-1.472639,2.345005,-3.326504,0.818452
0.212077,-0.129422,-0.245043,-0.081814
0.035824,2.395692,-2.521419,1.471429
0.641507,-0.227323,-1.843328,-0.279471
1.106520,1.141989,-1.650648,-1.588877
1.900306,0.976182,-0.916300,-2.042727
1.183617,-0.787859,-1.459297,0.736634
-0.141542,-1.635750,-2.106471,-1.009909
1.119997,0.198435,0.546766,-0.323066
0.886505,-0.136525,-1.485321,1.334651
-0.049381,2.630983,-0.320615,-0.187175
-0.079796,1.614489,0.837800,0.427050
-0.394911,0.449313,-0.835100,2.024294
-0.613257,0.036247,-0.086782,-1.629567
0.100127,0.195181,-1.889110,0.482168
-1.196197,0.568099,-2.085217,-1.968891
-0.564259,0.579657,-1.115875,0.071219
0.239561,1.835203,-0.912534,1.203908
1.386339,1.638546,-1.993759,-0.450445
0.786134,-0.511648,-1.128354,1.757977
-0.184770,1.216600,-0.641403,-1.076501
0.282969,2.670837,-0.180543,1.888640
0.035131,1.751416,-0.008937,1.214908
-0.468608,2.541403,-0.571771,0.642673
1.325926,0.892325,-0.891655,-0.751768
0.669579,-0.446960,-0.503564,0.130191
-0.077085,0.840545,-1.912098,-1.220270
-0.970827,0.995335,-1.154070,-1.261772
0.205056,2.105294,-0.165269,0.497552
1.171956,1.754822,-2.289791,2.185234
-0.202933,-0.154573,-0.103609,-0.023933
1.556619,-0.246372,-0.262988,1.038414
0.529817,0.325158,-0.015278,1.742828
-0.706662,2.261557,-1.862100,-0.062956
0.661958,2.355192,-0.851479,-1.717648
-0.245594,-0.776734,-0.708531,-0.283740
0.300714,2.438237,0.245067,-0.597862
-1.183530,1.448012,-0.353853,-0.433319
0.327888,-0.518358,1.227815,-0.421543
-0.362804,1.454628,-1.139004,-1.692649
0.181888,1.636440,-1.360913,-1.705410
0.418559,0.682398,-0.908137,-1.895904
1.052904,1.309130,0.664184,-1.352593
2.410117,-0.354887,-2.074214,-0.155238
-0.067702,1.417585,0.423025,-1.369990
-0.366133,2.971040,-1.052858,0.281228
1.016992,2.272511,-0.204072,-0.496077
-0.710147,0.481386,-1.569257,2.217208
-0.713156,1.706343,0.527981,0.538983
0.111235,1.812727,-1.072837,1.012249
2.312872,-1.701813,-0.226797,-0.911624
1.016286,-1.234182,0.320877,2.087109
0.470755,0.289548,0.692567,1.288963
1.031644,1.862841,-0.361381,0.091414
1.015136,3.296931,0.699848,0.105247
-0.282973,1.413503,-0.596608,1.639092
0.868713,2.342078,-0.258788,-0.237392
-1.078656,2.058913,-0.436454,-0.484028
-1.083825,-0.321826,0.268417,0.666940
0.760894,1.054181,-0.805249,0.082241
0.525417,0.652603,1.281470,0.756024
-0.804480,0.929120,-1.870425,0.928485
-0.252943,0.651757,-2.623466,0.975212
-0.449327,1.439505,-2.123329,-2.713324
-0.298096,0.785622,0.612785,-0.910510
-0.557463,-0.285036,-0.364768,0.446726
1.271329,0.371424,-1.582774,1.127828
-0.477153,0.041210,-0.352298,-1.624565
0.219970,-0.499376,0.225216,-1.943668
0.047985,2.891559,-0.818211,0.187484
-1.714306,1.578206,-1.570875,-1.197363
0.870800,1.745295,-0.330130,0.479358
0.544264,1.685172,-1.556665,0.436593
-0.798619,0.432122,-1.283264,-2.278622
-0.309795,-0.116748,-0.946326,-0.207241
0.755258,0.184407,0.077474,-0.526411
-0.112727,-2.381037,-2.591008,0.756554
1.005607,0.746012,0.621164,0.261649
0.151999,1.607740,0.777036,2.329752
0.983946,-0.398497,-2.140211,1.685460
-0.653729,0.761802,-0.478416,-1.012755
0.259613,0.594797,1.562101,0.440692
-0.591197,3.587816,0.151288,0.795765
0.285993,0.566536,-1.482214,-1.269472
-1.459570,-0.500064,-0.808659,-0.257913
-0.164675,0.897726,-1.573562,1.983735
1.440925,0.911783,-3.067685,-2.123670
-0.415555,-0.343004,-1.180611,-1.467607
-0.107448,0.984686,-1.388760,-1.015195
0.598197,1.225339,1.181294,-0.693054
0.327375,0.120835,-0.814682,-0.464178
0.874525,1.588437,-1.007071,-0.740921
-0.273492,1.062355,-1.789300,0.627699
0.594330,2.184090,-0.809274,-0.182802
-0.494142,0.435550,-1.514456,-1.259293
0.420506,0.650005,-0.926970,-0.742955
0.454438,1.384763,1.365009,-1.798955
1.041007,1.664501,-1.520001,-1.597425
-2.225716,-0.838882,-0.469712,1.091554
0.547801,-0.101294,0.026030,0.718563
-2.200558,2.377231,-0.667157,-0.601211
0.719354,-0.606478,0.933882,1.523629
1.525725,3.479427,-2.160169,0.385637
0.482349,-0.631938,0.000931,-0.030202
0.034888,0.368712,-0.637095,-1.409220
2.143473,0.512791,-0.958090,-0.012005
-0.768966,-0.083822,0.550399,0.883958
-0.424558,1.909740,-0.114289,0.367766
-0.716756,1.717919,0.493874,1.429902
-0.774174,-0.139166,-0.785195,1.114295
-0.211809,0.609868,0.918577,1.941632
-1.146246,0.674651,-0.106454,0.655548
-0.303132,0.839830,-1.316787,-0.416475
1.037144,2.088953,-0.384536,-0.683122
-0.438519,1.813888,0.779042,1.046474
-1.040269,0.319285,-3.027812,1.690452
-1.230668,1.097117,-2.637534,-1.516815
0.866927,0.398212,-0.778739,-0.986928
-1.853176,1.619898,-1.142416,0.778851
0.605395,-0.360904,-1.625853,2.027448
0.352301,0.867526,-2.039050,-0.458693
0.102526,1.789240,-2.005460,-2.697670
-0.058412,2.252640,0.540544,-0.191298
1.256646,1.956163,-2.213228,0.498878
1.584146,-0.029136,0.349868,-1.364923
-0.819169,-1.198273,-1.614249,0.414000
1.547876,-1.257020,-1.142767,1.192863
1.027703,0.067391,-0.990695,1.190786
-1.277997,1.977156,-1.091989,-1.823265
0.854115,-0.083805,-0.326458,-1.128631
-2.109054,1.044672,-1.125858,2.443302
1.631819,-0.577634,1.235281,-0.705899
0.664573,1.161639,0.159251,1.473740
-0.030725,2.722476,-0.946204,0.299005
0.685622,2.309765,-2.707842,-0.865550
0.320058,0.628820,-1.475002,-0.867294
0.415542,0.968419,-1.370875,-0.770797
0.956799,0.658696,-3.039230,0.437863
0.573110,0.782643,-0.730475,0.166765
-0.652810,1.740109,-1.953845,3.147498
-0.140839,0.525941,-0.651334,-0.210101
1.791318,2.824412,0.449487,0.523990
0.787519,0.701269,-0.513931,1.410821
1.067359,1.062367,-0.127848,0.501986
0.539221,-1.349303,1.541282,-1.069082
0.192821,0.336700,-0.072798,-0.015668
-0.936914,1.282479,-0.320806,1.402096
0.587634,0.545346,0.633512,0.102451
-0.862616,2.359797,-1.642866,0.509238
0.802331,2.903575,-1.355287,0.164764
-0.186957,0.551822,-1.451321,-0.858298
0.466947,0.898214,-0.638286,-0.735334
1.679212,-0.369111,-1.542597,1.969986
0.537694,-1.304321,0.021419,-1.976359
1.392568,1.515357,-2.460479,0.328274
0.287379,1.077799,-0.574288,0.142397
1.716001,-0.373537,-1.447859,-1.300543
0.814485,0.429286,-0.690708,0.192045
0.502998,0.375566,-1.762111,0.979893
0.726284,0.266636,-1.187515,1.758187
1.450289,-0.008326,-0.268534,-0.894737
1.401099,1.517417,-2.017832,0.849842
-0.264241,2.095228,-0.284235,-0.983684
-1.045046,0.561693,-1.359006,0.093306
1.168225,-0.101947,-0.287171,-0.748286
1.396080,0.241047,-0.489840,1.028443
-1.795392,-0.138134,-1.605983,1.455643
-0.217107,-0.589310,-1.623660,1.352442
1.468474,1.175442,-1.367157,-1.342554
0.357755,-0.315462,-0.398026,0.889847
-0.463753,0.296687,0.223363,0.685165
1.860066,1.300034,-1.153859,0.803671
-0.501942,0.721559,-2.121047,2.389639
-0.614703,2.365835,-1.753757,-0.321918
0.403086,1.784791,-1.156243,-0.115559
-0.457707,1.600695,-0.363283,-1.029342
0.044753,2.059674,-2.023705,1.411676
-0.866544,1.137135,-1.928338,0.797656
1.288753,-0.916185,-0.971823,0.413052
0.934075,0.930694,-0.626132,0.077936
2.103862,2.541903,-1.362429,-0.264125
-1.972907,-1.002564,-1.150498,-0.179335
-0.453335,-0.595825,-0.755649,1.492544
-1.156250,-0.196820,-0.411251,1.575337
-0.681742,0.437532,1.127759,0.742127
-0.910001,1.771227,0.250906,-1.041803
-0.959873,-0.913945,-0.601059,2.385966
0.618419,1.478050,-1.634628,-0.559992
-0.840643,0.811540,-2.426609,-0.677370
-0.002969,1.803850,-1.234701,-1.626624
-0.155526,2.096504,-0.374208,-0.102764
-0.196081,2.596715,-0.158511,-0.058485
-0.384656,-0.222946,-1.106730,0.818304
0.178174,-0.382007,-0.274074,-0.859541
0.664869,2.294779,-0.854168,-2.238544
0.509968,-0.555302,-0.814824,-1.118262
-1.052245,2.635296,-0.071231,0.457750
0.419733,0.213887,-0.349177,1.161530
0.656881,1.269454,-1.881898,-1.287726
-1.045779,0.581712,0.811910,-3.077581
0.315674,-0.977454,-0.401745,1.732613
-0.418092,-0.227206,-0.451004,0.834969
0.379838,0.865822,-0.836303,-0.982287
1.023601,0.252663,-2.311368,1.495547
-0.983254,-0.991096,-0.855572,-2.017137
0.954518,1.827303,-0.681051,0.201628
-0.611616,1.533378,-1.220839,1.549579
-0.721347,0.314333,-2.073405,-0.847079
-0.541752,0.266605,-1.100883,-0.552348
-1.018989,2.792010,-1.587329,-0.494173
-1.065663,0.944941,-0.911776,-0.278486
-0.045031,1.568371,-1.390358,1.483552
0.109573,1.999879,0.650202,-0.730052
-0.937203,0.413070,-1.577454,0.507418
-0.339652,1.958517,-1.276720,0.322684
0.190168,0.861147,-1.407033,-1.546485
0.933543,0.520031,-0.658997,0.269690
2.761597,-0.501404,1.311659,-0.203801
-0.606782,2.183265,0.068102,-0.280278
1.665147,0.790448,-0.409652,-1.165930
-0.399040,1.572720,-0.660261,-0.189087
-0.257213,1.487229,-2.270126,0.129850
0.937364,-0.328215,-3.236422,-1.379828
-0.720919,0.236176,1.709938,1.569150
1.719440,0.099680,-0.006971,-2.321495
1.514090,0.711916,-0.420658,1.646743
-0.332018,0.226589,-0.000533,0.211894
0.096226,0.417052,-0.686080,0.623079
1.740420,0.169358,-2.107562,-1.756628
1.869995,2.903006,0.260481,-0.026747
1.038629,-0.419349,-0.943576,1.249855
0.007786,0.325618,-2.789218,-1.495319
-0.183869,0.857271,-1.264023,-2.229369
-0.083852,0.434783,-2.593788,-0.458443
-0.227810,1.378126,-0.513904,-1.036166
-0.552587,-0.182078,0.777346,-1.520466
-2.447874,1.517361,-2.321802,-1.284613
1.012050,2.071356,-0.336082,-0.034462
1.517833,1.979084,1.454462,-1.469830
-0.383138,1.554429,-0.715758,1.924860
1.635259,1.873356,-0.836362,-0.636721
0.243787,-1.380295,0.394537,0.720072
0.578083,-0.095518,-1.842619,-0.453851
-0.795824,1.638154,0.664060,-0.659480
1.143918,-1.810414,-2.375426,2.090181
-0.452645,-0.137681,-0.548542,-1.445357
-0.539120,-1.145812,-2.730241,0.761714
1.082892,-0.714309,-0.300910,-1.069897
0.442356,-0.054113,-1.091997,1.330841
-1.653539,0.382222,-1.310157,-0.967463
-0.204140,1.884390,-0.672642,1.176002
-0.633517,2.774849,-1.054076,0.806934
-1.089665,-0.473361,-0.370732,1.107131
-1.287018,0.541321,-0.117605,0.950430
-0.277284,-1.353691,0.816197,1.429549
-0.207722,1.436156,-2.276713,-0.526725
0.224876,0.803045,-0.548822,-0.464215
-0.395429,1.814944,-1.442211,0.866899
-1.097322,-0.620751,-0.548332,-1.347156
0.833279,0.374968,-0.763880,1.825046
-0.339566,0.779318,1.080588,0.480713
1.955828,0.245842,-1.721470,0.635235
-0.823846,0.230845,-0.017196,-2.619830
1.231465,3.347518,-1.774173,0.318491
1.589266,0.051366,-0.561967,-1.137629
-0.641935,-0.959999,0.850325,1.061971
-0.773090,2.813283,-1.378669,-0.920186
-0.157988,0.933192,-0.655857,0.002365
0.777172,0.631796,-1.341195,0.673800
0.240742,0.300966,1.950072,-0.895499
0.056250,1.887471,-1.789535,0.027652
0.493758,-0.069063,-2.003761,-1.419250
0.603373,1.422161,-0.635535,-1.180292
-0.132224,0.519380,-1.183812,1.438506
2.427079,-0.552696,-1.339599,0.381450
1.669427,0.645748,-1.635628,0.101284
0.321860,-1.912848,-1.702140,0.853587
0.552199,-0.605340,-0.649683,-1.167655
0.039294,0.501571,-0.004474,-0.301644
-0.116792,0.135652,0.979770,2.019639
0.228176,1.026313,-0.827195,-1.415979
0.972371,1.136226,-0.532044,-1.357122
1.369875,0.355815,0.131141,2.599038
0.224524,1.415650,-1.149970,0.733038
-2.514961,2.327937,-2.036651,-0.561331
0.342573,0.958821,1.681411,-1.404374
0.890518,0.230671,-2.245527,-1.672235
0.292010,0.482301,-2.050744,-1.806664
0.244808,-0.602790,-1.450172,-0.224786
1.225332,0.323137,0.004508,-0.655215
1.690778,1.155174,-1.507493,0.500539
-0.910682,0.072800,1.228044,0.768783
-0.391125,-0.215442,0.331456,0.853118
-0.191533,2.134932,-1.282218,-0.316497
0.128094,1.458162,-0.176530,1.098546
-0.057731,0.943579,0.440449,0.556997
0.864606,1.573103,-0.327674,-1.327473
0.478708,1.886754,-1.047999,3.031102
1.100721,-0.658760,-2.104935,-0.872839
0.062959,0.818742,0.472117,-0.580432
-1.310014,2.025062,-2.137476,2.460026
-0.574093,-0.087578,-1.062418,1.554491
0.509367,0.827247,-2.904786,-1.210101
1.805005,1.954367,-0.519256,-0.451813
-0.804616,2.212087,-0.837869,0.588831
0.400052,1.325250,-1.418714,1.066502
0.724063,0.622281,-1.063677,-0.434304
-0.266273,1.776065,-2.447393,0.351328
-0.423192,0.274855,-1.502241,0.350851
-0.560273,1.943053,-0.422829,0.469683
-0.097874,1.429057,-1.617998,-0.010169
0.027112,2.569666,-0.223730,-1.062342
1.618179,2.309793,-0.934956,0.566760
-0.219291,0.067757,1.801357,-0.521061
-0.525945,0.779452,0.588839,-0.015149
1.648018,0.938310,-2.067535,-1.062784
-0.836272,0.536763,-0.570491,0.753414
-0.469577,0.325992,-0.828466,0.511444
-1.730545,0.324482,-0.268141,0.260245
-0.239148,0.144536,-1.365067,0.612900
-1.143283,1.431163,-1.334147,1.753464
0.891290,1.168751,-0.100777,-0.161412
2.498380,1.404138,1.659215,0.362780
0.362498,0.304604,1.720951,0.614449
0.541776,0.209949,0.547707,-0.727807
1.227814,2.499889,-1.538555,0.843377
0.045546,0.402039,0.931078,0.559250
1.511139,0.931987,-1.795948,-0.711254
0.660530,0.133699,-1.977436,-0.687936
0.572014,1.089443,-1.190782,-1.886235
-0.028004,2.507098,-0.628939,0.445274
0.826475,1.059863,-0.596013,-0.023297
-1.499628,1.904501,-0.480526,2.912630
1.643576,-0.582038,-1.328932,0.859270
0.859886,-0.042020,-0.709181,-0.075779
-0.986480,-1.975214,-0.084133,1.647205
-1.299772,1.817924,-2.105563,2.329406
1.578442,0.395949,-0.236138,2.196770
0.258990,0.969162,0.984461,3.032334
-0.975072,0.696496,-0.398533,-1.088445
-0.510877,0.758822,-1.271017,-0.037806
1.214194,1.651805,-2.590933,-1.036167
-1.624714,-0.802078,0.632548,-0.687562
0.226127,0.533691,-1.908873,0.222420
1.128227,-0.208703,-1.399075,-0.587702
1.222180,-1.563437,0.189443,0.623786
-0.010612,0.401050,-0.054034,-0.485505
1.172758,0.233533,-0.979095,-0.297647
0.063611,1.384312,-0.622699,3.629717
-0.707826,4.148026,-2.293147,0.236364
0.987170,1.268282,-0.386109,-0.215601
0.832305,1.537359,-0.010325,0.722878
-0.293964,1.896946,-2.283089,1.325818
-1.886822,1.137381,-1.883183,0.671501
-0.906886,-1.523090,-0.110801,2.081140
-1.905022,1.546862,-1.958704,1.326011
0.215084,-0.341280,-0.919586,0.378301
0.536872,0.331820,-2.100072,-0.073971
1.803118,1.177049,-1.063240,-0.534680
-2.537143,1.179567,0.911808,2.158360
-0.807618,0.376858,-0.851182,2.364033
0.163208,1.042511,-0.562886,0.658987
1.346899,1.374804,-1.027962,-0.995957
1.470116,0.252600,-2.476426,0.619592
0.593994,2.619480,0.319565,-1.233243
-0.389932,0.816829,-2.861924,-0.548347
-0.546324,1.241828,-1.268107,-1.705075
-1.369113,2.810009,-0.639634,0.784339
-1.675706,1.666867,-1.053640,1.563121
-0.241055,1.332783,-1.033372,-0.013332
-1.115588,0.639510,-3.420985,0.383450
1.199121,-0.083068,1.042423,0.329934
1.103614,-0.494552,-0.615092,0.033404
1.746064,1.295986,-2.100095,2.574898
0.232142,-0.435761,-1.057270,0.885681
-1.230241,-1.176027,0.545866,0.301362
0.424881,2.071002,-0.200883,1.480512
-1.349349,-0.310219,-0.209111,1.240094
-1.171941,0.087538,-1.587620,1.772448
-0.548928,1.078537,-1.281709,-0.745878
1.900581,0.415662,-1.022148,-2.116725
-1.595485,0.960133,-1.778765,0.938789
0.026326,1.181979,-1.475275,0.677864
0.194323,0.803620,-0.057155,-1.197516
-1.366061,-0.435298,-1.138274,2.561872
2.413564,1.388656,0.009077,1.453631
1.689502,-0.540962,1.656051,1.393247
-0.022834,1.000196,-2.432051,-1.342401
-1.413928,2.424641,-1.632010,-0.223663
0.237334,0.729406,0.626420,-1.149602
1.002633,-0.780011,0.109193,0.896500
-0.906221,3.215625,-1.101238,0.284672
-0.467694,1.377548,-0.719979,-0.381090
0.789083,0.169699,-2.762599,2.336557
-1.019925,0.282233,-0.519084,-0.627111
1.603969,0.336705,-0.033945,1.370083
0.449544,1.096357,0.911719,0.764666
-1.231437,0.665322,-0.286722,-0.312103
0.303015,0.320495,-0.543556,-0.211789
-0.186702,0.368668,-2.093790,0.498427
-0.758817,2.946956,-2.016762,-1.677127
0.002559,2.573057,-0.303236,-0.151746
0.167830,0.622317,-1.584497,1.744923
0.785794,2.242577,-1.046314,0.313324
0.597948,2.380141,-1.757920,0.962881
-0.128828,2.334706,1.070745,1.625773
-0.721537,0.657554,0.670404,-0.244978
1.576613,1.379676,-0.771008,-0.069894
0.347290,-0.143490,1.641160,1.175979
0.254715,2.376294,-0.948699,-1.009776
1.769642,1.296318,-1.490171,0.336728
-0.365940,0.206695,-0.510487,-1.496743
0.800377,1.547543,1.484681,0.852442
0.847912,1.941623,-0.381958,-0.608943
-0.690306,0.061255,0.542702,-0.552058
1.102427,0.913643,-0.699940,0.178444
2.650918,1.185206,-0.118903,2.929776
0.341824,-0.397238,1.218610,0.587389
-0.065439,0.177744,-0.545307,-0.570193
0.361162,2.355744,-1.192974,-1.237343
-1.659155,0.577751,-2.637561,-0.285339
1.785257,0.088450,-1.108918,0.528856
0.320332,-0.248841,-1.661049,-0.777633
-1.238642,-0.029512,-0.440983,-0.169414
-0.317870,-0.287032,-0.612212,1.675783
-0.405737,3.469993,-1.905738,1.471701
-0.241136,0.394568,-1.384699,0.947910
-0.565047,1.269279,-1.195070,-0.094666
2.018124,1.101016,-0.582705,1.140520
0.078810,1.369485,-0.967726,0.843506
0.836165,-0.144191,-1.439913,-0.463772
-0.565083,-0.077133,1.908793,0.524506
0.168526,-0.457089,-1.940411,-0.424828
-1.555724,0.936268,-0.732109,-3.300314
-1.010118,-0.414531,0.178001,1.024377
0.176623,2.918303,-1.259857,0.946413
-1.084428,1.719936,-1.277923,-1.409684
1.752636,0.741636,-1.307661,0.190765
-0.288811,-0.169934,-0.360986,0.773936
-0.664273,-0.143601,-2.439553,0.619673
0.451091,-0.459653,-3.095611,-0.816592
-0.793205,0.960842,-1.631470,0.220249
-0.288541,3.110837,0.434166,0.758960
-0.880039,-0.014574,-1.509619,1.488972
-0.760327,1.200776,-1.155184,-0.597643
0.640505,2.372750,-0.210418,0.484877
0.332812,-0.051795,-0.643622,0.105032
1.822237,1.505549,-1.850074,-1.049417
-1.503006,-0.759701,-1.112429,0.575436
2.188851,-1.445200,-0.413843,0.376627
-0.421996,0.832464,0.872868,1.604645
-0.691611,1.290257,-0.834984,1.426245
1.667129,2.508096,-0.142087,0.255757
-0.560616,-2.267006,0.564328,1.037667
0.500261,1.036007,0.784285,-0.701964
0.752798,-0.710815,-1.215093,0.992885
-0.282233,1.063059,-1.620245,0.254866
1.489056,2.239337,-3.712195,-2.009042
0.538183,1.720536,-1.411869,-0.962581
-0.382654,0.233212,-0.202896,-1.204458
0.596085,1.152457,-0.726895,1.992450
1.817787,2.204948,0.292933,-1.953837
0.559572,0.385980,0.465041,0.307065
0.430669,1.410512,-1.036406,0.498194
-1.400401,0.122740,0.099475,-0.338842
0.192540,-0.315693,-0.902132,1.806125
-1.620756,-1.107993,-2.344092,0.251911
-1.229428,2.000939,0.163017,0.675006
0.693809,-0.044786,1.466053,0.857415
-0.214417,0.011970,-2.363427,0.153314
-0.534295,1.400170,-1.164625,0.935852
1.391454,2.077556,1.493702,-0.626117
-0.422457,0.189751,-0.855985,-0.933402
1.414261,1.803865,-1.915245,1.490386
1.267131,-0.923269,-0.802297,-1.915408
-0.105365,0.831565,-0.886887,1.695528
0.694574,-0.545646,-1.205225,-0.248851
-0.270684,1.557062,0.496927,0.511163
0.928131,0.690617,1.348744,0.600311
-1.091574,1.133183,-1.238931,0.803437
1.137731,0.483383,-0.678516,0.813487
-0.341018,-0.561798,-0.357325,-1.002211
0.483521,2.681333,-1.802028,2.447718
-0.847530,0.885936,-1.319889,0.445806
-0.544413,1.618025,-0.463441,-0.161716
0.368196,-0.558240,-0.574633,-1.231682
-0.860524,-0.590210,-1.191377,0.591890
0.071129,1.229521,-0.633250,0.864129
-0.816681,0.907875,-2.543735,-0.728549
0.536988,-0.912074,-0.143708,-0.359157
-0.146745,2.185595,-0.134745,2.633919
1.474864,2.578913,-1.107930,1.945976
0.817966,1.577054,-0.280106,1.969675
1.294724,0.932993,0.869560,1.427059
-0.543054,0.558315,0.011658,1.603249
2.300943,1.305275,0.270296,2.688620
-1.419673,0.291530,-0.608412,1.061773
0.567097,1.087145,-0.435258,1.774117
-0.337912,0.562410,-1.294961,-0.293290
0.866193,1.563608,-3.769702,-0.488610
0.191683,2.087237,-1.192250,1.477667
0.841494,0.686502,-0.606141,-0.057696
0.376069,-0.574076,-1.545226,0.110292
0.466152,0.785211,0.289117,0.543117
0.873933,0.503263,-1.333839,2.543161
-0.085526,0.652671,-1.375059,1.332338
2.342107,3.130372,-1.732327,1.672611
1.572258,1.468993,0.525397,-0.670291
-1.650881,-1.217607,0.940065,1.022424
0.117595,-0.532661,0.703319,0.511231
1.121744,0.267177,-0.594075,-0.187304
-1.472643,0.851398,-1.349004,-1.184853
1.595649,-0.540033,0.672048,-1.112157
0.609956,0.860977,-0.691224,1.801058
0.410082,2.971140,0.173674,1.077094
-0.621138,0.463478,-0.650376,-0.363384
0.377057,1.385521,-0.341599,2.038376
-0.264016,2.242177,-1.475892,-0.337536
-0.535270,2.264273,0.024431,-0.957433
1.588455,1.488226,-2.135477,0.626181
-1.604220,-0.037099,0.376232,-0.024858
0.587657,1.586696,0.325231,-0.063211
-1.247493,1.338400,-1.861055,1.082353
2.219086,1.266798,-1.414017,1.897534
-0.953605,1.298519,0.212086,-0.519058
0.561001,0.469141,-1.578585,0.670325
-0.092825,1.914895,-0.764343,0.359930
-1.356917,3.336439,-2.928501,0.649659
1.207563,1.023297,-1.114780,0.146031
-1.537200,-0.261025,-0.407390,-0.664870
1.148776,-0.426857,1.011376,1.845238
0.273837,2.815364,-0.744598,-0.394572
1.923767,1.247371,-2.077333,-0.918888
0.315751,-0.031113,0.573230,2.473200
0.313852,-0.623565,0.052015,-1.225971
0.052250,0.371573,0.114788,1.391421
-0.230993,1.062111,-1.880787,1.128458
-0.468887,1.164536,-0.016815,0.511517
1.684677,1.805832,-0.572017,-0.670834
0.207916,0.742235,-0.250154,0.302465
0.971758,-1.520590,-1.011137,0.937382
1.244504,1.246542,-1.142253,-0.303728
0.283475,-0.194610,-2.047317,0.328167
0.800267,0.267669,-0.993392,0.480482
-0.061927,-0.469050,-0.283769,-1.069409
-0.142960,2.025684,-3.235289,0.252096
1.210001,0.389821,0.722347,-0.131722
-2.898113,0.160316,-0.979109,0.389587
0.894533,0.751459,0.926154,1.157851
-0.731660,-1.415516,0.615651,0.577455
-0.255636,0.133511,-0.298712,1.883283
1.435832,0.639458,-1.345686,-0.372708
-0.817176,2.472001,1.474611,-1.091063
-0.269562,0.272674,0.542191,-1.886221
2.146784,1.419451,-0.894902,-0.060394
-1.241140,-0.203353,-0.285118,0.053741
-2.651966,1.836386,-2.437359,1.085326
0.239539,0.498601,0.133920,-0.283283
-0.206081,0.197746,-1.254626,1.216540
0.056710,0.416432,-1.204451,-0.979270
0.134382,1.784132,-2.004910,-0.287543
-0.864343,1.891107,-0.220935,-0.181954
0.399779,1.752710,-0.236170,0.270793
-0.230482,1.856234,-1.695929,0.644589
-0.605834,3.212893,-0.108929,-1.506373
0.901626,1.822609,0.953389,0.025862
-1.106191,-1.341763,-1.725803,-0.498347
0.843541,0.405879,-2.372775,-0.491042
1.618171,0.480530,-1.852712,-0.823424
0.281748,1.384876,-0.205111,-1.225828
-0.842594,1.799871,0.228060,1.036722
1.142185,0.817021,-2.018538,1.000267
-1.555333,0.723163,-0.610527,-0.896799
1.258468,0.087030,-0.947008,0.959273
-0.452714,0.923607,-2.279300,0.812216
1.525860,2.248761,-2.515819,1.210884
1.921984,-0.246335,0.791643,-0.905132
0.092417,0.047989,-1.937684,0.596399
0.526337,2.913599,-0.082521,-0.167351
-0.075056,1.405417,-0.816793,1.796602
-1.182024,2.438689,-1.829099,0.443730
-0.267414,0.798559,-1.476045,-0.011131
-0.511752,2.827787,1.178239,0.464575
0.055278,0.608053,-2.228819,-0.177913
0.789010,0.406675,0.727572,-1.357877
0.407047,0.907365,-1.359777,0.020785
-0.644337,0.432948,-1.941134,0.738762
0.515255,1.232099,-1.401422,-1.268830
0.199982,2.279743,-1.030562,-1.278791
-0.602136,-1.236470,-1.528174,-0.728856
0.190052,-0.156841,-2.145555,-1.320860
1.575448,0.904283,-2.428319,-2.284945
-0.790868,1.209123,-1.503561,1.838645
-1.377230,1.117614,-1.278490,-0.451186
-1.595601,-0.127048,-0.297394,0.923942
-0.480347,0.189054,-0.210941,-0.023190
-0.529110,0.572092,0.107039,-0.215051
0.854360,0.955445,0.033704,0.654122
0.873523,-0.603003,0.663618,-1.044128
1.866905,0.567361,-0.918498,0.540050
0.003036,-0.978020,1.586954,1.419038
0.008898,1.555687,-0.858650,-0.139292
1.275641,0.607357,-2.463273,-2.116666
