0.000000,0.000000,0.000000,0.000000
9.610109,0.845618,0.679411,11.349766
9.677617,0.754959,-0.680647,9.655741
-0.217439,0.852441,0.879211,0.340411
0.629407,-0.337270,2.364140,1.132639
-0.980204,1.018021,-0.592556,-1.449876
-0.450016,-0.171309,1.523393,0.022972
-0.153286,-0.364870,1.323065,-0.328760
-0.440974,0.978827,1.506437,1.069687
2.152312,1.225646,2.695425,3.618799
0.192620,-1.083309,-0.219931,-2.465786
-0.432482,0.039159,-0.151760,2.851227
1.254857,0.169999,2.736449,1.120793
0.516108,0.759828,-1.945248,-2.550939
0.625172,-0.792436,-0.611610,-1.189540
0.510870,0.472375,-0.750652,-0.735147
-1.145733,1.046573,-2.590944,1.516764
0.159893,0.770839,0.190516,0.715078
-1.087555,1.019878,-1.189095,-0.115880
0.546524,0.322523,1.278100,0.155577
-0.525814,2.213650,0.097473,1.315422
1.179245,0.980794,1.678700,0.097572
-0.104418,-0.327576,0.756159,1.138872
-0.154397,2.158202,-0.151608,2.617236
0.377277,2.952906,0.099820,0.415737
2.622194,0.766733,-2.188689,0.765037
0.502991,0.021352,-0.469780,0.525770
0.759734,1.361257,-1.008584,1.559850
0.333602,1.263119,0.118956,-1.332755
0.182089,0.943695,-1.938293,0.080920
-0.368425,2.050940,-0.138133,-0.942739
-1.753268,1.171304,1.119543,0.512403
0.765826,2.032291,0.163931,-1.673640
1.892244,-1.574432,-2.515526,0.056836
0.608511,0.740248,0.271749,1.734641
-0.203450,3.040662,-2.968832,0.040894
-0.856749,1.031030,1.639000,-0.160642
0.479693,-0.009782,2.332184,-0.538661
-1.024863,1.467166,-0.651673,-0.952338
0.639116,0.317371,0.975449,1.119868
0.446469,1.717831,-0.306636,-0.978475
0.026859,0.746049,-2.556249,0.298268
-0.019230,0.658552,-1.392692,2.416701
-0.183821,0.356940,0.383107,0.158877
-0.301885,1.998227,-0.063073,0.249919
-0.706240,3.044775,2.574349,1.094062
-0.666587,-0.217446,-0.251856,0.116227
-0.425759,0.892311,1.466297,0.568235
1.733825,0.705513,-1.917011,0.761983
0.582985,-1.588490,-0.964893,-2.044603
0.547403,1.601305,0.026650,-1.127829
3.067182,1.265185,-0.583494,0.440612
-3.400987,1.701797,0.298907,1.258987
-0.378836,-0.544963,-0.219745,-2.009107
1.219948,1.137852,1.170309,0.217417
0.921252,-1.790143,-0.046360,2.999826
0.503510,0.620955,-2.055709,-0.092668
0.205255,2.162695,-1.651434,-1.958191
-0.780505,2.458094,-2.850980,1.102241
-0.160488,-0.461320,1.725336,-0.587841
-0.451397,2.566707,-0.395695,1.017969
-0.292858,0.663267,1.054872,1.762481
0.601479,1.455323,1.897169,0.767120
-0.424763,1.060136,-1.505712,-1.197770
1.566258,-0.113551,1.853118,0.681504
1.271832,-0.219841,0.870142,1.613709
-0.580088,0.336972,-0.108882,1.014146
1.215185,1.657486,0.942586,1.174816
-0.628943,-0.066447,-1.772485,-0.624642
0.782661,0.836347,0.267929,-0.660158
1.491476,1.044168,0.960608,-0.459435
-1.121119,-1.168219,-0.969500,1.179109
2.396206,0.953869,-0.042324,0.008516
0.165519,-1.007568,0.417186,3.443413
0.090241,2.135456,0.488321,1.377854
-0.034587,1.480691,-2.640922,-0.530138
-0.319906,1.728352,2.463744,-1.477478
-0.765828,-0.326888,3.045967,0.786269
1.906440,2.030394,2.488731,1.575862
-0.037619,0.731292,0.409839,1.683305
-2.130097,0.345516,1.095096,0.007959
-0.980585,0.720075,0.564982,-0.650120
0.582959,-0.334680,1.428079,0.817130
0.003384,1.213952,-1.450089,0.971389
1.674033,0.776369,0.885813,-2.470176
0.439856,-0.129105,0.618865,-0.079672
2.043803,-0.256718,-0.023768,-0.024840
0.132146,-0.027191,0.041634,0.479953
0.717579,1.606320,-1.793553,1.111906
0.238994,1.345802,-4.188032,-0.617907
0.854208,0.402615,-0.555933,-0.908845
-0.580398,1.600657,-1.592871,-0.738669
0.864867,0.913934,1.453439,-0.584632
-0.628986,0.513678,-0.918679,-0.227064
0.465464,2.037939,1.206564,0.860833
-0.083673,0.835674,-2.265463,0.256630
-1.179024,0.611331,1.090389,0.813439
0.156595,0.005564,0.299938,-1.101877
-0.061415,0.378204,-0.741181,-0.327613
0.133208,0.128653,2.068808,0.281126
0.486493,0.744384,-1.340069,-0.187127
-2.212458,1.856351,0.278357,-0.059707
0.508854,0.070057,0.717680,-0.712022
0.821948,1.488841,-0.605712,0.357906
0.937390,2.330624,1.638464,0.777126
0.269456,0.799273,0.071978,-0.485970
-0.653801,-0.008359,-1.222463,1.581394
-1.246006,1.603154,1.783424,-0.186298
-0.107364,0.908009,0.863122,1.122679
0.546659,-0.035115,2.233523,-1.258577
-0.256682,0.707040,-2.260917,-1.850147
-0.048649,0.081432,1.595192,-0.300157
0.346314,-0.750370,2.153772,-0.384017
-0.083096,3.314320,-0.627555,-0.363268
0.639475,0.482784,1.091422,1.887577
-1.722243,1.170847,-0.698639,0.118044
0.520797,-0.124680,-0.108500,3.263560
-0.784388,0.735435,-0.239678,-2.327434
-2.142718,-0.104856,2.281354,0.351765
-1.038200,-0.294418,-0.890377,0.932221
0.438026,1.649568,1.579595,0.189328
-0.886581,1.238530,2.171457,-0.762456
-0.418418,-0.352363,1.457978,1.245642
-0.013501,0.470924,1.954304,1.222624
-0.520631,0.091995,1.724084,0.048184
0.650406,1.041478,2.135601,2.030350
-0.330753,2.138370,-1.286204,-1.610586
0.392496,0.366071,0.890573,0.161620
0.720880,0.154295,0.603221,-1.221780
-1.500375,1.857806,-1.331533,-0.723475
0.224951,1.560516,0.809839,0.061492
-1.038540,1.700356,-0.264362,-0.265672
0.607392,1.283330,-1.384275,2.817366
-0.710707,1.097980,-1.661250,-0.496755
1.110622,0.621030,-0.536842,1.079600
-1.066035,0.030859,0.598668,1.703796
-0.208379,-0.332540,-0.065750,-0.935548
0.073383,2.215557,0.480260,0.334866
1.170292,1.972670,0.524564,0.463240
-0.702733,1.512782,-0.313556,1.335844
0.553534,0.737113,0.633623,1.793942
-0.469846,1.409009,-0.430505,0.160964
0.181912,0.456874,0.489672,3.196565
2.845282,0.973567,0.128123,-0.523834
-1.126305,-1.158524,0.690303,2.698434
0.460370,0.088540,-0.120720,-1.420747
0.332661,1.363873,1.616940,1.736193
-0.340681,1.321003,0.652219,-1.374621
-0.646688,2.343635,2.663046,0.973923
-0.119113,0.422517,0.437660,2.630038
-2.585733,1.311781,2.007918,-0.040072
-0.176201,-0.370353,-1.646123,0.133114
-2.880739,2.874325,0.914532,0.374921
0.609202,-0.611874,0.540130,0.131451
-0.111418,1.719403,0.307087,0.638700
-1.661027,2.916872,1.858724,1.439982
0.923803,-1.286075,-0.688656,-0.170123
-2.396582,0.095405,-0.477476,0.991921
-0.694753,-0.819999,0.520761,1.903093
0.455052,0.982282,1.034949,1.451238
-0.756039,2.035039,-0.248637,-1.823415
-1.961255,0.915232,0.560396,0.639161
-1.002783,2.153838,-0.119128,-2.065156
-0.933710,1.658298,-0.267468,1.470893
0.892267,0.724573,1.909272,0.242292
-0.924946,1.459581,-1.642239,-0.874822
0.097635,1.041499,1.819289,0.591908
0.134896,1.571808,0.407170,0.098071
-0.297108,-0.456923,-0.689636,-0.730228
0.023956,2.377198,3.387784,-0.094397
-1.271229,0.272787,-0.675726,-1.556355
-0.163737,-0.144804,0.577782,2.134110
0.852053,0.848833,0.079176,0.431875
0.251802,-1.204179,-0.600030,0.284102
-0.317374,2.718844,-1.966599,-0.103739
0.438628,0.191196,3.122257,-2.133821
1.832624,1.478292,-1.265005,-1.158326
0.319596,2.267756,-0.379969,-0.566555
0.496145,0.851838,-0.984118,1.448666
1.092847,1.779874,-0.736156,-0.457255
-1.319598,0.645886,0.571154,0.450818
-1.555285,0.833810,1.413500,-0.148367
2.214895,-0.554656,-1.207518,1.183483
0.318821,-0.899206,-2.008503,-0.666646
0.197802,-0.000154,-0.979488,-0.408423
-1.336119,1.634313,0.134326,0.156218
2.338272,-0.007593,0.626291,0.558145
0.530522,0.543113,0.951568,0.279449
1.340884,1.469698,-0.730159,-2.294465
0.339749,0.253717,-0.235019,1.053382
-0.599927,0.837058,-1.481208,-0.923107
-0.346722,0.776891,1.641840,1.050939
-0.147116,1.158104,1.815039,-0.616862
0.725506,-0.128621,1.384926,2.181416
0.981921,1.586724,-0.457095,-0.361768
-0.385798,0.287786,-1.509179,0.038506
1.983232,2.225201,2.393395,2.106934
-1.246496,-0.173172,0.618427,-0.016602
-1.075222,1.862209,0.002243,0.574403
-1.793763,2.207464,0.717137,-0.427482
1.187407,0.926536,0.866888,-0.277170
1.258152,1.051866,-0.600313,0.820642
-0.562242,0.528820,-2.783462,0.360686
1.599339,-1.152174,1.838848,-1.505238
0.625031,1.861900,-0.783854,1.506993
0.309309,0.571278,-1.827071,1.347494
0.676937,1.615902,-0.809889,-1.683705
2.336606,1.460957,-0.343144,-0.077835
1.821518,0.961370,0.084772,1.474997
1.433586,0.836156,1.019017,1.828284
0.114723,-0.206072,0.035070,0.829357
-0.457385,0.545431,-1.680174,-1.009433
-1.308627,-0.091982,2.388870,0.912231
0.171188,-0.643640,0.798094,0.889402
0.218278,0.674329,-1.866587,-1.131716
-0.049159,1.192979,-1.083108,-0.820324
2.199202,2.907697,0.446252,1.249270
0.331240,-1.307185,-0.088321,0.817347
-0.572879,1.296162,-0.566454,2.828153
-0.856974,1.467457,1.750307,1.780626
2.977327,-0.470823,2.702870,-0.161460
-0.324797,-0.433771,1.166816,0.819171
1.493326,0.703143,1.822613,0.312243
0.191495,1.040569,1.259008,0.066338
-0.180305,2.366344,-0.772446,-0.772876
1.239635,0.209346,0.477888,0.371744
-0.639318,0.773020,1.245362,-0.011586
-0.343086,1.166162,-0.170865,-0.099731
-0.156885,0.764141,2.142973,1.238860
-0.201749,0.693952,2.185838,0.699740
-0.320895,-0.278441,1.305932,1.445467
0.954949,0.126875,0.153749,0.877255
-3.181024,0.676923,0.957590,0.624757
-0.666220,-2.039575,0.014517,-0.898153
0.911224,0.615753,0.214258,-2.339768
-0.494972,0.409243,-0.858489,-1.166218
0.673723,1.298277,2.324377,1.796352
-0.352285,-0.134620,-1.791044,-0.836825
1.113932,0.329540,0.273964,-0.412011
-0.256958,3.197170,0.831367,1.622560
-0.157781,-1.073862,2.094318,1.465884
-1.303656,0.664512,2.884880,2.165926
-0.039052,-1.117076,0.058771,-0.810787
0.153029,2.495917,3.205977,1.317378
0.185245,0.623484,-2.755616,-0.911026
0.108817,-0.361077,-0.389876,-1.026690
-1.722874,0.756168,-2.573118,-0.123492
0.022565,0.578628,0.462180,0.573290
1.704698,1.906742,-0.793542,-1.064530
-1.056248,1.060359,0.593509,0.762673
0.093944,-0.557821,0.546215,0.374295
0.456949,0.547274,-1.765502,-0.498199
-0.487957,2.064408,-1.368038,-0.844110
1.003608,2.699523,-0.579357,-0.019527
-0.795393,1.214726,-1.411340,-0.705694
0.383979,0.000399,-0.176538,0.503874
-0.313855,-0.769213,-0.194091,-0.286218
0.514657,2.973419,-0.364890,2.376685
-0.291209,0.841552,-2.822359,0.129846
0.534075,0.184006,1.197850,-0.009554
0.993313,0.324823,-0.314164,-0.765749
1.536104,2.349451,-2.289446,1.831956
1.292008,-1.208664,-0.656876,0.190318
0.188741,2.097281,-0.961174,1.965916
0.955272,1.402295,-0.519202,-0.873131
-0.943925,-0.189182,-2.033195,0.355282
0.439685,1.826309,2.554116,-1.109482
-1.664219,-0.672087,-3.537416,-1.010352
-0.796444,1.242339,1.564249,-0.164627
0.846050,1.439082,2.399337,1.533559
0.572125,-0.036142,-0.712977,-0.427239
0.582352,0.832297,-0.399387,-0.407420
0.720244,-0.818673,-0.460480,-1.421788
0.437916,0.743281,-2.417702,-0.272627
0.999095,3.687740,-1.677704,-1.188772
-0.425872,-0.823806,-0.914498,-0.060146
-0.227756,-1.476373,1.568754,1.068277
0.786199,1.562538,0.832748,0.932874
-0.264426,0.934340,-0.147097,-0.275317
2.483373,2.292625,0.136543,-0.042667
-0.821180,-1.193886,-0.903322,1.725511
-1.357433,0.177526,-0.212469,0.219563
1.615562,-0.247919,-1.010620,1.439854
-0.093765,0.284582,-0.519768,-0.043849
0.374050,2.704649,2.242863,-0.207670
2.391642,2.979742,-0.859779,-1.850085
-1.046784,-1.257215,1.606570,-0.068051
-0.436850,-1.353178,0.782062,0.770833
1.212993,-1.852252,0.682616,0.961991
0.005229,0.231850,1.661343,-1.443354
0.414202,0.914452,2.274435,1.479962
-0.019096,1.584061,-1.478919,-2.087990
0.705920,0.479898,2.012160,0.328670
-0.255483,0.498175,-2.014664,1.808219
2.278073,0.938947,3.001888,-1.791817
0.355772,-0.672678,1.108664,0.422511
-0.739209,2.950524,-1.086476,-1.004835
0.506695,1.510310,2.053237,1.562162
1.835918,1.446526,-1.573596,-1.888584
-0.133783,0.302245,-0.009141,-0.781633
-0.797986,0.863376,1.410385,1.525257
0.535627,0.741005,4.137185,1.209572
0.721048,1.629928,-1.167139,-0.472812
0.881495,0.669110,-1.213813,1.482741
0.530188,2.205277,-0.984096,-1.050788
0.478777,1.446240,-1.813398,-0.088472
1.438410,-1.064552,-0.145522,-2.873204
-0.830380,-0.843264,-0.281135,-0.511704
-1.297837,0.505309,0.227634,3.740889
0.621704,1.400989,-0.062417,-2.941375
-0.294815,0.328541,-0.272688,0.035561
0.729018,-0.295244,0.764723,2.556464
2.556368,0.298661,-0.488014,-1.277443
1.283967,-0.397625,2.377625,0.930291
-0.277086,0.672080,-0.859198,1.366206
-0.169227,2.361627,0.387741,1.741649
2.248807,-1.094559,-0.137358,0.745704
1.513614,-0.774538,-1.032315,1.368325
-1.090363,0.168167,0.206949,-0.585293
0.346682,-0.632738,1.001978,0.451049
0.121462,0.135509,-1.190155,1.574327
1.369475,1.294440,-3.349949,-0.569469
1.503961,0.759812,0.476004,-0.623429
0.793660,1.046390,-0.189939,-1.646716
-1.036124,1.391054,-1.724221,1.701215
1.515878,0.629488,-1.163844,1.362415
2.325841,1.162525,1.086860,0.010883
-0.136689,-0.569379,-0.287560,1.258482
-0.763953,-0.540889,2.009624,1.382589
0.312799,1.405446,1.091106,2.865816
-1.047527,1.261550,1.087409,0.236448
-0.393686,2.219829,1.826759,0.949219
-1.180256,0.989096,0.495314,0.359240
0.403420,1.321435,-0.109305,-0.297493
0.220464,0.427482,-3.261936,-0.103557
-0.727336,-0.284263,-1.399810,-0.686368
-0.102077,1.833216,0.279703,-0.234980
-1.397977,0.833068,1.819130,2.235484
-0.323446,0.195821,0.704763,-1.125543
-0.618224,-1.116266,0.024552,-0.977131
-0.082739,1.887863,1.094614,-0.389238
0.523480,0.252006,1.570789,2.609905
2.117926,0.338367,-1.123462,-0.178097
0.420781,-0.728617,1.011662,0.553554
-0.579601,0.570877,1.161423,0.984509
0.527715,0.958686,0.601338,0.076596
0.043922,0.858031,-0.825661,0.871396
-0.371504,-0.513911,-1.409284,-0.543509
-0.469794,1.308681,1.752960,0.814117
3.178940,-0.833400,1.367612,1.059159
0.328893,-1.878474,0.480281,-0.616493
0.920794,0.830316,1.226649,-0.537394
-1.125378,0.744127,1.418847,0.176439
0.909859,1.260057,-0.837304,1.106693
0.159631,-1.383009,-0.717218,-0.783402
-0.052106,-0.393137,-2.387770,-2.107431
-2.048915,0.760750,1.200825,-1.575560
-0.980731,-2.093248,0.629300,0.629608
-0.132500,3.606352,0.602754,-0.607770
-1.524324,1.489948,2.479238,-1.167806
0.413264,-0.408805,-0.820481,-0.699192
0.501505,0.811145,0.266301,-0.778156
0.110439,1.048673,-2.541402,0.581678
0.642000,1.651974,-2.801474,-2.413807
0.496710,1.714819,-1.219304,0.071131
1.597309,-0.136230,-0.898243,-0.401504
-0.769973,1.242710,-0.651367,0.954961
0.002476,-0.938993,1.211612,1.550705
-0.636781,1.928662,-1.590423,-0.975040
-0.529670,1.866023,-0.001950,0.809717
0.466636,1.789449,0.919177,0.915617
-1.184767,0.991427,-0.735764,0.272538
1.036894,1.268673,-0.605334,1.598774
0.141758,-0.768486,-0.099605,0.113698
0.283672,0.131690,-0.493199,1.566006
1.590603,1.697306,-0.427987,0.660294
1.685766,0.867581,-0.601471,2.324128
1.373450,-0.308842,-0.350774,0.652178
-1.294286,1.503204,0.108025,0.756579
-1.145742,0.092808,-0.334283,-1.219216
-1.411483,0.603948,0.504299,1.805110
-0.973872,1.028134,0.047966,0.876480
0.946223,-0.582484,-0.485087,-0.317908
-1.166897,-0.101272,-0.862183,-0.432821
0.737857,0.677557,1.354397,1.197412
-0.974401,2.221683,0.245644,-1.092012
-0.243029,1.363743,-2.640466,0.071028
-1.654496,0.639319,1.952802,-0.620239
-0.665434,-0.907130,1.521825,-0.179883
1.494549,0.203448,1.908601,0.556836
-0.345214,0.583504,-0.281758,1.048752
-0.355096,2.299842,2.431929,0.825300
0.253742,2.276013,1.999023,1.527095
-1.247967,-0.810076,-0.115990,-0.628305
-0.368997,0.282702,0.903646,2.552355
1.056912,1.267469,2.387637,-0.207924
-0.879557,0.332529,-0.377977,-1.998200
0.361173,0.791327,-0.188353,1.260751
-0.314514,0.063807,-0.436513,0.382623
0.396768,1.487633,1.059101,0.694806
1.894366,0.330722,-1.461996,-1.244845
0.144897,1.025836,-1.572997,-1.417933
1.498271,0.640465,-2.672951,0.916869
0.944520,0.416045,-1.220768,-1.064720
-0.894446,0.923070,-0.467326,-0.123450
-1.792178,-0.619727,1.627087,1.730145
-0.200855,-0.164338,-0.780112,1.193359
-0.048170,0.348333,4.129225,0.639001
-0.723282,0.157325,1.750234,0.747201
0.536138,-1.273453,1.091747,1.771623
0.427755,2.180487,0.152979,-0.291536
-0.913573,0.509093,-2.051163,0.160837
0.562516,-0.389360,-0.303874,-0.867770
0.351289,2.590018,-2.538725,0.859528
-0.912776,2.113769,-0.656153,-2.150700
2.945106,-1.453810,0.710202,1.948072
-0.345261,-0.089720,-1.057796,-0.686894
0.481056,0.127142,1.664400,-1.280272
-0.568249,0.323775,-0.279320,-0.203971
-0.866419,0.480406,1.522928,1.692462
-0.827104,-0.743385,1.320103,0.277277
0.278019,0.710905,2.894431,1.329489
0.012808,0.920038,-2.899361,-3.674886
-0.082778,0.213113,-1.681867,0.387836
0.570605,1.179927,2.321370,1.769128
0.822268,2.286387,-2.495586,-0.801325
0.531740,0.454825,-0.347941,-1.849676
-0.435415,1.249855,1.043738,0.024981
0.514825,0.623191,2.260324,0.754294
0.071704,1.167152,1.510694,0.500645
-0.296350,1.924453,-2.212556,-0.349564
0.619069,3.420832,1.260052,-1.016625
-0.538020,0.821009,-0.659261,0.148804
0.868119,0.231564,2.425366,1.590671
1.236538,-0.392317,0.373837,0.384137
0.811423,0.936490,0.012521,-0.291464
0.440608,-0.130473,-0.033149,0.601816
-2.671660,0.426341,-0.672771,-1.234018
1.416421,-0.939388,0.289139,0.511537
-0.335906,1.389161,-0.982300,1.246635
1.113572,1.571214,-0.288366,0.944537
-0.179445,2.517658,-0.951262,0.944378
1.369403,2.248402,0.644135,-0.344445
-0.199796,1.186534,0.255696,0.770858
-0.462733,0.889256,2.386361,-0.581818
1.098310,-0.102878,2.522068,2.285092
-0.234325,1.209058,-0.428348,-0.609015
1.390056,3.001065,1.047257,0.695301
-0.476390,-1.262480,-0.332176,0.175690
0.146979,1.315444,2.373325,0.936794
1.023639,-0.840979,0.001991,-0.850744
-0.244194,0.814646,0.724139,0.690307
0.942795,1.371405,1.427913,0.392592
-1.141909,2.241832,-1.328971,-0.450441
0.199243,-1.179734,1.914907,2.546383
0.903808,1.865713,0.041920,-0.890964
0.290021,-0.644638,-0.262213,0.625803
0.913989,1.235684,-1.368011,1.985017
2.635095,1.394237,1.525667,1.039176
2.130812,-1.306942,-0.492921,1.506707
-1.177615,1.081488,-2.205466,0.182533
1.263390,1.698746,0.107461,-0.062091
0.465527,2.063281,-1.229509,0.608839
-0.957196,0.675169,0.570011,-0.715781
0.110145,2.541527,0.341473,-0.677981
0.294925,0.748700,-1.950672,0.977388
1.643421,0.633316,-1.781326,-2.227899
1.015691,-0.667754,0.104371,-2.582255
-2.532889,2.641819,-0.966698,1.549335
-0.477605,-1.287618,0.538864,0.458718
-0.847108,2.216178,0.905807,-1.294811
1.562611,1.729423,-0.835257,-1.078106
1.886377,-0.566015,0.374405,1.616882
1.105175,0.987093,-1.314285,0.698729
2.088090,0.863364,-1.242590,-2.404006
-0.274643,0.143379,0.468088,-1.974032
-0.932258,2.740128,2.195080,0.008355
0.959532,-1.259871,0.057646,2.699653
0.584487,0.548123,-2.345122,0.872048
-0.005865,2.300488,0.939872,0.004273
0.410009,1.140066,1.465536,4.400329
-0.402796,1.025764,-0.398917,-0.919388
2.126834,2.330223,3.008765,2.961078
-1.183666,-1.038442,0.703085,-2.326443
-0.625801,0.879944,-0.532718,0.486874
-0.860427,2.198613,0.814081,0.470778
-0.955629,1.683033,1.828650,1.944736
-0.162501,1.366852,1.381695,-0.006088
1.716336,0.102417,2.714469,-0.334237
1.089485,-1.279438,1.283214,-0.581965
0.784369,1.549048,-0.263325,1.702545
1.974764,1.024289,-2.046755,-0.277836
-1.558002,1.134243,1.891140,-0.410424
-1.227810,1.126216,-0.151141,1.856918
-0.718860,2.127321,-1.187338,1.701610
0.515636,-0.179730,2.008194,-0.677607
0.378741,-0.261876,-2.194783,-2.823407
0.373198,1.240345,-0.788120,0.665607
0.185828,0.932272,-0.751482,0.655992
0.379002,-0.252332,-0.489674,-0.496311
4.059602,5.167098,-1.341923,0.640734
0.102964,1.377640,-0.256824,0.905609
-0.490434,-0.524492,-1.522361,-1.511397
0.514242,-0.196129,1.862093,-0.465300
-1.179880,1.907068,-2.242750,0.208415
1.459807,1.947512,1.095663,2.097421
0.692632,0.258933,-0.425803,0.669840
0.862010,0.826972,-0.500982,-0.867378
-0.850117,0.680347,-1.586860,0.836318
0.747325,1.836631,-1.439531,0.757310
-1.293788,1.418678,-0.236077,0.063541
0.192443,1.682042,0.586396,2.251620
1.973593,0.368349,-1.818160,-2.402451
2.607531,1.171962,1.108540,-2.798613
2.241468,-0.569070,1.301009,0.373143
-0.618752,1.345444,-1.872010,1.642399
0.401139,1.237477,0.298750,0.246349
-0.515166,1.604975,-0.660819,-0.776770
1.914832,2.147173,3.376482,-0.011593
-1.020712,0.446444,0.263251,-0.741549
1.952591,0.430647,0.709718,0.445938
1.253682,0.973453,0.148174,0.797676
-0.170017,0.791131,1.572560,1.837194
-0.402943,1.458555,1.496735,1.232753
0.167400,1.671199,0.660133,0.280028
-0.594373,-0.141719,-2.252851,-0.619769
0.788047,0.979682,2.507470,0.281027
-0.966555,1.752773,-0.008810,-0.041685
1.560439,2.157306,-0.624211,1.256125
-0.303942,-0.497235,-1.588198,1.023836
0.367887,0.450679,1.500551,0.193781
0.091380,0.005814,-2.481023,-0.970864
0.241001,2.860802,-2.647025,0.240309
-1.203219,0.288870,-0.320186,-0.275670
0.495828,0.672922,1.839370,0.378520
0.540553,-0.014414,-0.124719,0.361367
-0.610447,0.273919,-0.585654,0.774084
0.725002,0.209805,0.792772,1.140429
-0.580198,1.331811,-0.004494,0.963439
0.599446,1.617576,0.163143,1.167711
0.158457,0.880627,-1.094884,1.764167
0.197934,2.307155,-0.676824,1.690358
-0.868697,0.949381,-2.027958,-0.690443
0.349622,0.112392,-0.291792,-0.678615
-0.010764,0.944202,-0.803215,-0.254606
0.701935,0.323038,2.063991,0.176896
0.271994,0.384019,-0.963895,-2.321081
-0.394211,1.932552,-1.370545,-0.626618
-1.174915,1.011065,0.174725,0.086587
-0.489485,0.161803,2.389691,0.417899
1.503399,1.955122,-0.109019,3.790688
-0.077305,0.897619,0.713071,-0.251724
0.067950,1.510366,0.899908,0.252743
0.126135,1.828607,-0.984023,1.700872
1.218261,0.066799,-0.496227,-1.437304
-0.064438,1.370468,-1.880813,1.616524
0.894055,2.003351,1.562583,0.534758
1.130012,0.321545,-2.178251,0.458480
0.120178,0.852896,-4.012866,-1.805365
-0.152598,0.824181,-0.506024,-1.506435
-0.136893,1.235712,1.233271,2.073975
2.241225,0.524182,0.744361,-0.108309
-0.411739,-1.499527,-0.584797,-0.499007
0.852922,0.400236,0.699987,1.367705
0.424995,0.447587,-2.082965,0.564988
0.065046,-1.076312,-1.682148,0.324833
0.056748,0.957016,0.433448,-1.815414
0.089740,-0.642030,-1.741262,1.829810
0.930383,0.613757,-0.869560,-0.590334
0.974079,1.724428,-1.063159,0.020394
-0.988239,1.362224,-0.123447,0.050957
0.906776,1.055544,-1.305025,0.637018
-0.183479,0.999137,-0.905691,0.214972
1.850004,1.451173,1.758901,0.158079
1.149131,0.653807,0.795475,1.546227
0.877520,0.927978,-0.989363,-1.041837
-0.589307,0.691789,-1.787387,-1.501778
1.454489,0.191668,0.362900,-0.205613
1.658387,-0.260126,-0.027613,1.753788
0.205600,-0.990109,0.471396,1.084934
0.227706,1.738115,-0.438768,0.632904
0.636595,0.118427,-0.652131,0.813897
-0.528749,0.379975,-1.808225,-0.518066
0.537168,2.355321,1.020609,-0.743980
-0.343086,0.571178,-1.338591,-0.386442
2.468107,2.071631,1.781957,0.129936
-1.080759,0.859534,-0.067148,-0.870813
0.166821,-0.097843,1.290053,1.125518
1.693631,1.382709,-0.779862,1.118593
0.419435,1.697844,0.812978,1.871030
-0.822840,1.147136,-2.420142,0.953896
0.384672,1.568668,1.413889,0.393912
-0.060914,0.718402,-2.180613,-0.600369
-0.577465,1.715933,2.552700,-0.829002
-1.194193,0.828440,0.144274,2.987668
0.826030,2.533754,-0.637386,0.618860
-0.556677,1.034181,-1.068867,0.569184
1.993226,0.403054,-0.098260,-0.452801
0.049819,0.694074,-0.238728,0.488025
-0.189861,-0.141755,-2.740659,0.423074
1.298917,1.632983,1.349784,0.076622
0.735095,0.060614,-0.610257,-0.301391
-0.166829,1.449408,-1.737637,0.079420
-1.107485,0.977410,1.819066,0.289866
-1.110910,1.564056,1.160656,0.131667
-0.291812,1.161570,-0.024987,-1.157224
2.992447,1.768193,3.295702,2.092660
-0.297138,0.949208,1.329311,0.116842
0.238204,2.613838,-1.261053,-0.810269
1.094306,0.643313,-0.840440,-0.617486
0.961796,1.099772,-0.651476,1.601073
0.645683,-0.078683,-1.419409,-0.597553
-0.444549,1.993072,-1.623571,-1.520537
0.439065,1.055448,2.311112,-0.430295
2.351822,-0.274289,-1.554496,-1.017011
-0.821595,-0.350360,-0.610587,-1.835300
1.217393,2.270108,0.812905,-0.208541
-0.308450,-1.331999,-2.265708,-0.297381
0.606247,0.408881,2.418562,-0.476867
-0.367119,1.188383,-1.511118,-1.167481
-1.078523,1.381025,-1.766496,0.020128
0.600852,-0.014355,0.072930,-0.162869
0.597043,0.752694,-0.969464,-0.665563
-0.303579,3.594611,-1.560261,1.259045
-1.006709,-0.363605,-0.009701,0.995496
-1.423321,1.994310,0.515465,2.317281
1.146603,1.272279,0.991837,-0.202325
-0.507285,1.755869,-2.144429,0.961031
1.626186,2.980401,-0.570339,-1.044184
-0.416637,-0.522364,2.115168,-0.096878
-0.417495,0.958714,0.733597,0.753502
-0.788648,0.871304,2.118532,-0.479013
-1.989808,2.619106,0.071875,3.248948
-0.127737,1.329662,-0.911740,-1.715285
1.700426,-0.592865,0.597635,1.328438
-1.675795,0.196559,0.241994,1.653437
0.888954,0.825115,1.138337,-1.234777
0.893471,0.687223,0.080059,-0.634814
0.346749,1.588471,-1.658002,-0.417339
0.257906,1.281739,-1.032746,0.343047
0.019359,0.408820,0.334243,-1.571777
-1.519621,1.558972,-1.965307,1.143086
-0.535273,0.663535,0.259777,0.752315
0.666360,0.578082,1.024919,0.413597
-0.772957,1.841577,0.254140,-0.284977
-0.495254,2.173407,0.217866,0.359260
0.632257,1.888027,0.344626,1.632337
0.283127,1.544986,-1.268253,2.216736
0.798654,1.914106,-2.490527,-1.874199
0.188485,0.589482,0.313225,1.105423
0.919452,1.511815,-0.969595,0.212517
0.365364,0.936468,0.321554,0.591143
0.366713,-0.438821,-1.226420,2.182441
1.383255,1.165560,-1.274524,-1.607924
0.065851,-0.193356,0.030046,1.007488
-1.060147,1.262110,-2.376677,-1.317158
-0.058635,0.225880,1.180227,0.026809
-0.119497,0.633257,0.078258,0.628552
0.891448,0.947794,1.011625,0.558299
0.212454,-0.118425,-0.333021,0.471703
0.831419,0.901809,0.174755,1.276619
-0.286829,0.281893,0.701642,0.426419
0.436260,-0.204667,0.664181,2.211805
0.923002,0.283258,-0.128757,-0.628030
0.370908,0.572743,1.421133,0.908714
0.600174,0.046114,-1.432254,-0.652397
0.579498,1.375747,-1.621948,-0.509190
0.883558,0.843338,-1.809606,-0.917346
0.495923,0.998760,0.336345,-0.111354
0.544313,-1.089631,0.011507,0.612849
-1.067781,0.766831,-2.854384,0.934452
-0.970042,0.625242,1.571230,-1.666950
0.505578,1.271905,1.776988,0.345043
1.665503,2.630909,0.610192,1.507381
1.149207,1.887164,-0.865164,0.971752
1.416178,-0.786439,0.343218,0.174780
-0.877255,-0.591677,1.659081,1.854301
0.754316,0.067291,-0.326675,2.734486
0.755006,1.852909,-2.343025,0.847714
0.231464,1.647501,-2.040698,-1.182294
0.168682,1.457494,-1.316453,-2.056196
-2.590892,0.628859,-0.643983,-1.219713
0.959209,0.307340,-0.408824,-1.740545
1.482062,0.911942,-1.694635,0.247792
-1.971828,-0.388326,-1.752819,0.847420
0.174353,-0.235014,-0.114466,-0.057704
1.304796,0.717436,-1.448069,0.749211
-1.883420,-0.285449,0.731803,-0.137892
0.417781,0.555212,0.178597,0.542558
1.164480,2.411947,-2.751959,0.541821
1.252272,1.354662,-1.466993,-0.256023
-0.739547,0.347391,-0.045292,-1.837140
-0.121298,1.623586,0.252033,-0.107166
-0.850931,-0.184636,2.246938,0.160740
-0.593991,0.266331,0.307295,1.312921
-0.359606,-0.329512,1.681541,-0.245404
-1.496074,1.856324,0.398917,1.087481
-0.332799,1.022394,-1.109436,-1.502215
-0.525803,-0.066736,2.000662,0.376624
0.253390,2.685538,2.249341,1.959576
-1.469249,1.246607,-1.970150,-1.012460
0.470733,1.082687,-0.823486,1.321973
-0.331833,1.514287,-2.496725,-1.048204
-0.683057,1.946540,0.245623,-0.820111
0.795292,1.814156,0.404439,-0.275544
2.681831,1.587270,-3.559188,0.521841
1.147642,-1.121424,0.363135,-0.263963
0.568188,3.303518,-0.194198,1.492931
-1.703568,2.115957,-1.018513,0.160026
2.234469,-0.367878,-0.728550,0.421627
-1.014753,1.229975,-1.207377,0.817685
0.147346,1.558698,-0.384969,1.589214
0.801702,0.905551,-0.696689,1.675165
-1.414557,0.585926,-1.454550,1.481834
0.440660,0.955648,-2.039614,2.481871
0.557907,-0.497286,0.051037,-0.849203
-0.050803,2.510870,-0.326651,0.397778
0.978231,2.379062,0.780485,1.157694
-1.376530,1.126119,-2.816068,3.048176
0.052475,-0.338174,0.656681,2.004419
-0.363429,2.662584,-1.870937,-0.227818
1.322674,1.008824,2.000319,1.490071
-0.293829,0.493412,0.570912,-0.741657
0.182312,2.480624,0.384859,1.928484
1.395569,-1.140071,-0.456899,-0.376893
-0.585116,0.389683,-0.330504,0.861735
0.710266,1.833088,2.844011,0.769733
-0.453347,1.622459,-2.812007,1.312610
-0.805312,1.566941,1.144414,-0.623719
0.954812,-0.032652,-1.794637,-0.350536
0.778347,1.644854,0.666942,-0.715752
0.036484,0.979337,0.183613,1.155792
-1.415862,2.265788,-1.013149,1.009930
1.016382,-0.155405,0.518281,0.257867
-0.658640,1.159105,-1.545669,-1.247288
0.178779,0.169566,0.916199,0.325385
-0.878191,0.598775,-0.528929,0.384163
-0.809499,1.364954,1.120536,2.674622
0.783840,1.506552,2.300389,-1.931870
-0.784002,0.059515,0.165323,-0.919709
0.553708,-0.221497,2.795037,0.615078
0.394440,2.302645,-0.895967,-1.846226
0.310378,1.701116,-1.408320,0.228339
-2.112685,0.913991,1.185244,-2.794822
-0.958492,1.084756,0.010459,-0.212096
-0.329527,0.757227,-0.585491,-0.482913
0.150420,2.929764,0.744590,1.190314
-1.254077,1.016704,-1.832468,1.704615
-1.297175,1.460557,0.067501,0.357340
0.474561,-0.111763,1.337339,-0.360993
-0.217545,1.615171,-1.066915,-0.173769
0.040722,-0.703462,1.106996,1.862071
-0.973117,2.094105,-0.867576,-0.748347
-1.065352,1.541714,2.636757,2.552600
-2.769176,1.519689,-1.103725,0.710605
-0.421305,-0.266249,0.355879,0.382072
1.797377,1.191949,1.661584,1.472010
0.208067,1.180115,2.867141,-1.087316
-0.849759,1.469622,-1.892338,-1.004032
-0.346902,2.074847,2.538117,1.107728
-1.371275,0.956006,1.188364,2.028332
1.320467,1.746090,1.744502,0.827222
-0.053530,0.350845,2.423728,1.016529
0.429999,-0.218857,1.813555,0.774864
-0.486043,0.918866,-0.173328,-1.614813
0.213522,0.516702,-0.472545,1.625136
-1.327832,2.743947,-0.826686,-0.169858
1.092604,0.099303,-0.363020,1.404697
0.342233,1.773327,-1.490796,0.514701
-1.439416,0.153561,-1.249737,-0.942002
0.927487,-0.974004,-0.325253,0.048540
-2.249968,-0.241174,-2.421758,1.259406
0.105577,0.720010,0.638973,-0.216546
-1.268067,1.281839,-1.004590,-0.508001
0.308612,1.997286,0.707745,3.262379
1.411731,1.996853,-0.574549,0.476595
-1.134967,1.512254,0.286198,-1.353623
0.870274,0.524952,2.035149,0.019335
0.784876,1.108359,1.171915,0.469634
-0.683996,1.989549,-0.170789,0.908223
-0.200359,3.155482,0.897941,1.175739
0.540828,0.785483,1.920084,1.832947
-0.444567,-0.222903,0.228574,-0.714609
-0.652460,-0.802766,0.384906,-0.338223
1.922864,2.360620,1.671141,-0.289526
2.113034,-0.740705,-2.876196,0.786699
1.117850,-1.015165,2.734018,-0.195687
0.741247,-1.086293,0.746203,-1.889293
-0.447702,1.801650,0.113600,-0.649361
-0.363265,0.071061,-0.383153,-0.224131
-0.871751,1.408961,1.283638,2.224059
1.402170,1.212866,0.843545,0.331657
0.839763,0.428950,-0.383451,0.576513
1.636824,0.332853,-1.540862,0.334887
-1.256948,2.301925,0.504205,-0.374250
0.966942,0.903314,-0.945103,0.540611
-1.033882,1.908328,-1.264793,-1.032377
0.920920,0.069694,1.142507,-1.639193
-0.329247,0.358981,-0.743065,-1.752517
1.300534,2.509406,1.639105,-0.726930
0.565333,0.729468,0.273004,-0.384404
0.956542,0.729780,-0.569557,-0.397048
-1.146526,2.637570,-2.052711,1.451042
-0.745348,-0.107412,-0.998483,0.445049
0.545023,0.675657,0.014812,1.304823
-0.412291,1.778876,-1.780124,1.110552
0.631622,-0.046249,1.936154,0.086496
0.086409,1.140224,-1.140553,-1.162993
-2.041282,2.028221,-1.296180,0.152008
-0.853408,-0.583966,0.161137,1.201200
-1.217117,0.034431,0.852865,0.051806
-1.573298,0.454030,-0.504373,-0.116246
0.993530,0.462201,-0.826364,0.852924
-0.565724,1.976115,-0.434882,-1.098783
0.702216,0.360799,2.114326,1.300877
0.288201,0.887514,-0.819889,1.659589
1.179901,1.474583,-3.437924,-0.009961
0.229300,-0.282612,0.981712,-0.298167
1.946615,0.593866,-1.147370,1.922396
0.741111,0.733869,0.048750,0.045125
-2.714505,1.792171,-0.799163,1.418746
-1.597138,-0.857422,0.987493,2.752035
-0.380371,1.315287,-1.893328,-0.864340
1.425910,0.454690,1.765739,-1.857213
-0.963766,0.497609,0.966693,-1.019673
-1.140878,1.697335,1.536373,-1.243341
0.920329,-0.578816,-0.400643,0.041834
-0.482792,0.080688,-1.222749,1.965552
-1.381264,1.521523,2.100103,0.815422
1.148811,-0.751530,0.350136,0.690059
0.776783,0.666296,-0.435804,1.480609
1.136955,0.523356,-0.776069,1.075880
0.986580,-0.165320,-1.399792,0.277801
-0.755341,-1.033018,0.115006,-1.249021
-0.004773,0.749647,0.599956,1.033634
0.468286,1.644785,2.298064,2.138101
-0.537877,1.844558,-0.404159,-2.022732
1.248067,0.552763,0.569478,0.348004
-0.776339,1.594928,-0.491186,0.343547
1.033504,1.159343,1.816153,0.339963
-0.085911,2.489485,-2.021315,-2.866149
0.190820,2.369488,1.668139,-0.536310
-1.123476,0.219796,0.361006,0.123336
0.517318,-0.133992,0.891488,0.150162
0.284174,1.918851,0.232242,1.305795
0.685134,-0.442978,0.728551,-1.778088
0.587270,0.904269,-0.763339,0.090264
0.321071,1.980996,-2.354228,0.380012
0.366157,2.332123,-0.473374,0.766634
0.219916,1.188155,0.384280,0.329836
0.222151,0.785435,-0.769576,0.758829
0.327388,2.983043,-1.264244,2.792452
-1.636349,0.120114,-0.278784,-2.535562
-2.069621,1.218063,-1.393452,2.911142
-1.203287,-0.440437,0.409138,1.787878
1.260131,-0.544625,0.309200,-0.927841
-0.184482,1.017347,-1.372320,1.581827
0.983564,-0.527734,1.511998,-1.150193
1.040358,3.074222,-2.203802,-0.951286
-0.965230,0.667818,-0.493915,0.151139
0.012866,0.444991,0.541610,2.022549
1.825493,-1.212773,-2.822805,-0.432765
0.698108,-0.503507,-0.703976,0.297055
-1.228446,1.190256,-0.408713,0.035681
0.089446,1.046911,0.725501,1.509014
1.465097,-0.182188,-1.199319,-1.241019
-1.207188,1.587693,-1.042676,0.124191
-0.334726,-0.071438,1.732198,1.586791
-0.086984,1.237092,-1.119978,2.621605
0.254091,0.331700,3.272758,0.750547
-0.305095,1.956763,-1.299254,-0.403788
0.550532,1.176069,3.348182,0.985895
0.648133,-2.023921,-0.914048,-0.971123
0.074157,0.829226,-1.095562,0.224518
-0.879915,3.596201,-0.301757,-0.492783
0.272698,0.889001,1.738278,2.202801
0.474264,1.014508,-0.279262,0.750919
0.418307,1.740017,-1.747888,0.751655
-0.562781,2.694339,-0.609454,-0.741555
0.563434,0.866218,1.912478,0.589480
-0.216870,1.731635,-0.534780,-0.512169
0.993676,0.620089,0.650795,0.303303
0.557477,0.509715,-0.294867,1.542648
1.825777,-0.514308,0.872821,-0.146284
0.626436,-1.151634,-1.011265,1.498428
-0.063669,1.026089,-2.100269,-0.362183
0.748682,0.373659,-0.137187,-0.473349
0.649755,-0.601573,-1.162934,1.119260
0.792765,-0.341480,-1.910491,0.462030
0.731915,1.968537,-0.725414,0.041488
-0.476190,1.719154,-1.509871,0.806177
-0.241815,2.067560,1.216317,0.843501
-0.527319,1.111281,0.040734,1.464941
-1.072539,-0.352048,-0.107919,0.379200
-1.288996,-0.265047,1.269725,0.247040
-0.434461,0.411580,1.458928,-0.873639
-1.089741,2.464903,3.524487,-0.353771
0.608691,0.878045,-0.662708,1.258862
1.079121,0.993882,-1.872244,-0.768015
1.558488,-0.354020,-0.791864,-0.376955
-0.004754,2.181117,-1.209917,0.280710
-0.689324,0.137124,1.186967,0.495331
1.477540,-0.595895,-0.831066,1.939741
0.353079,-1.289075,-1.626319,-0.611248
-0.562099,1.579680,-1.664552,-1.862824
0.682364,1.435310,0.735733,-1.602017
-0.456349,1.417259,-1.072011,-1.662052
-0.587321,1.056238,2.272135,0.633447
0.922274,1.109685,0.325857,2.622568
1.606207,0.035309,0.118713,-0.044214
0.997190,0.200568,0.291631,2.388265
-1.304663,1.099680,-0.648660,0.895133
0.307046,0.956153,1.436597,2.264403
0.733520,1.082930,-2.280360,-0.306715
0.901975,0.951164,-0.561072,-1.219297
-1.587287,2.052811,-0.572750,-1.067504
1.460620,0.345559,-2.434338,1.368026
-1.197483,1.402597,-1.170653,-0.731673
0.540929,0.323917,1.246209,2.031503
2.260152,-0.060453,-0.673110,-1.569253
-0.297143,0.887501,0.163636,-0.279576
1.187136,0.657582,-0.544836,0.003932
0.530003,-0.437533,-0.462764,1.859693
-0.887250,1.010658,-0.912164,-0.302510
1.002268,-0.499998,0.629937,1.251884
-1.095158,-2.440626,-0.595159,0.967849
-1.898126,0.358456,0.977925,1.981177
1.876823,-0.657404,1.050831,-1.118281
-0.515464,1.379069,-0.607193,0.898847
-0.138237,0.785002,2.385189,0.701899
-1.026645,2.741574,-0.354427,0.659739
1.088057,0.750196,0.809862,1.345192
1.160177,0.441662,-1.598365,-1.014624
-1.135142,-0.585365,-0.918297,-0.468509
0.317599,1.412481,-1.298519,1.222686
2.106413,-0.196136,-0.716935,-0.250675
-0.331995,0.234300,-1.458037,0.375819
0.885256,1.741116,1.326668,1.223440
-0.773373,1.684591,-0.609684,-0.945617
-0.055592,1.926632,-0.035879,1.369907
0.170896,-0.215716,1.980207,0.348502
1.157233,0.890632,0.660372,-0.493959
-0.338502,2.673262,0.703899,4.800228
-0.430560,1.079582,1.969805,-0.285354
2.117396,1.038870,-0.147484,0.876351
-0.068611,1.631236,-0.927690,1.165936
-0.443469,2.014196,1.758886,-0.182333
0.621149,-0.248301,0.746546,1.126200
-0.390329,0.885672,0.141076,1.307203
0.281575,0.514303,0.820957,0.067055
1.820365,1.785514,-1.288671,1.918113
-1.074747,-1.243851,-0.741818,1.368912
0.383745,0.453332,-0.134816,0.517831
-1.191454,1.388838,0.019219,-0.468294
-1.345466,0.323009,-0.643076,-0.220985
-0.584255,2.876970,-2.657169,1.287213
-0.249067,1.734274,2.047763,-2.026554
1.410732,1.116856,0.962140,1.037871
0.788017,2.124148,-1.325683,-0.120163
1.401350,2.300603,-1.402295,0.529192
0.054486,0.190585,0.653071,0.546943
0.246311,2.193355,-1.830876,-0.207312
0.518953,2.731494,-0.500697,-0.543109
-0.220558,1.153533,0.703513,1.069887
0.933740,1.178275,2.180616,-0.593218
0.159525,1.729562,0.164855,-0.053597
1.126043,1.380561,-1.903502,0.381027
0.313499,-0.744296,-0.816186,-0.578846
0.438183,0.020431,-0.997728,0.011563
0.168928,-0.814916,-0.784450,-2.228321
0.202810,2.267882,-0.486777,-0.887357
0.698979,1.086080,-1.208195,-0.438406
-1.090427,0.749925,-1.669212,0.728930
-1.391871,0.011511,-0.218438,0.154129
0.997601,-1.176442,-0.909856,2.138511
-0.896498,1.943472,-0.997306,-0.932063
1.661546,0.961634,1.474687,1.336270
-1.810595,1.605006,1.654259,-1.984815
0.047883,0.017876,-1.157152,-1.065326
-1.076324,2.069124,-0.185435,-1.328385
-0.666534,1.309810,-0.875451,1.529473
1.075944,1.558621,1.280282,1.684446
-0.020367,-0.276481,-0.546792,0.587133
2.073806,1.049111,1.802863,-1.216478
0.274720,0.875442,-0.248211,0.535260
1.607742,0.230429,1.160066,-0.349952
-0.119339,1.401604,-1.347896,-1.942356
-0.497547,1.955368,1.681433,-0.525337
-1.039642,0.195540,1.999543,2.303421
1.505214,1.616797,1.859582,1.013301
0.058484,0.518536,0.256149,0.574020
0.697884,1.284866,-1.978666,-0.674944
0.935866,-0.595554,-0.542227,-1.049559
-0.348713,-0.123803,-1.229339,0.897402
-0.158623,2.164580,0.080183,0.668519
1.503681,0.993741,-0.569439,-0.149193
0.510272,3.330922,0.080178,1.365580
1.619448,-0.878172,-1.024719,2.116351
0.639270,1.273579,-1.085917,0.622056
-0.539054,1.547734,-1.900414,-0.401252
